Borrow_Record_ID,Borrower,Due_Date,Book_ID,Return_Date
1,Luis Mathews,2024-03-01,LIBnN9Is,2024-02-18
2,Peter Price,2024-03-02,LIBxNM7k,2024-02-16
3,Hannah Harrison,2024-03-03,LIBJtXUS,2024-02-04
4,Rodney Zamora,2024-03-04,LIBzHB1G,2024-02-04
5,Dalton Johnson,2024-03-05,LIBkRZyr,2024-03-01
6,Christopher White,2024-03-06,LIBN78wM,2024-02-07
7,Matthew Rubio,2024-03-07,LIBkkkKs,2024-02-22
8,Jack Long,2024-03-08,LIBwqHDp,2024-03-03
9,Paul Griffin,2024-03-09,LIB36eLf,2024-03-07
10,Steven Jones,2024-03-10,LIBYTtNV,2024-02-17
11,Kimberly Peterson,2024-03-11,LIBGlYTi,2024-03-06
12,Jenny James,2024-03-12,LIBDr4DG,2024-03-01
13,Alexandra Smith,2024-03-13,LIBsxhgX,2024-02-16
14,Brandi Yang,2024-03-14,LIBGC5ja,2024-02-14
15,Susan Salinas,2024-03-15,LIBEQwhK,2024-03-07
16,Phillip Cook,2024-03-16,LIB86Z4o,2024-02-19
17,Jane Collins,2024-03-17,LIBnpUKA,2024-02-27
18,Zachary Sanchez,2024-03-18,LIBjpNsC,2024-02-28
19,Kevin Johnson,2024-03-19,LIBCqR93,2024-03-18
20,Michael Chaney,2024-03-20,LIBtjcF7,2024-03-15
21,William Douglas,2024-03-21,LIB7sgus,2024-03-11
22,Holly Sharp,2024-03-22,LIBi1piD,2024-02-25
23,Lisa Thomas,2024-03-23,LIBog8X3,2024-03-12
24,Catherine Combs,2024-03-24,LIBU9OZv,2024-03-04
25,David Nash,2024-03-25,LIB2agi6,2024-03-20
26,Arthur Mullins,2024-03-26,LIBEeJP5,2024-03-22
27,Diamond Peck,2024-03-27,LIBNgIRA,2024-03-14
28,Latasha Adams,2024-03-28,LIBeawmg,2024-03-19
29,Timothy Romero,2024-03-29,LIB7sgus,2024-03-28
30,Brandon Cannon,2024-03-30,LIBgKi1D,2024-03-08
31,Nicholas Anderson,2024-03-31,LIBgbOf9,2024-03-09
32,Kimberly Davis,2024-04-01,LIBoyQPl,2024-03-12
33,Phillip Noble,2024-04-02,LIB7oc3X,2024-03-24
34,Timothy Welch,2024-04-03,LIBgCv8b,2024-03-24
35,Meagan Yates,2024-04-04,LIBZpWAF,2024-03-13
36,Brian Hall,2024-04-05,LIBnN9Is,2024-03-13
37,Ashley Cameron,2024-04-06,LIBRgi34,2024-04-03
38,Jennifer Newton,2024-04-07,LIBRETXR,2024-03-13
39,Jesse Cross,2024-04-08,LIBZY5B1,2024-03-30
40,Deborah Miles,2024-04-09,LIB6AcAg,2024-04-08
41,Leah Chapman,2024-04-10,LIBBNQQj,2024-03-28
42,Ryan Ferguson,2024-04-11,LIBMQiWB,2024-04-03
43,Philip Silva,2024-04-12,LIB92nsg,2024-03-29
44,Sara Sanchez,2024-04-13,LIBEKJpQ,2024-03-21
45,Laura Elliott,2024-04-14,LIB0mbzg,2024-03-29
46,Dr. Gerald Becker DDS,2024-04-15,LIBqD2dM,2024-04-13
47,Steven Simon,2024-04-16,LIBgH0y9,2024-04-04
48,Felicia Larsen,2024-04-17,LIBXZ6gT,2024-03-28
49,Gregory Kramer,2024-04-18,LIBBRE9C,2024-03-24
50,Alexander Blackwell,2024-04-19,LIBv9m1o,2024-04-18
51,Ashley Joseph,2024-04-20,LIBpPimj,2024-04-10
52,Lisa Lopez,2024-04-21,LIB3sv4E,2024-03-24
53,Kerry Johnson,2024-04-22,LIBBvEuG,2024-04-12
54,Leslie Flores,2024-04-23,LIBCaQig,2024-04-03
55,William Thompson,2024-04-24,LIBobgk0,2024-04-01
56,Erin Farmer,2024-04-25,LIBLkFyK,2024-03-30
57,Emily Myers,2024-04-26,LIBYHmf2,2024-04-20
58,Rachel Williams,2024-04-27,LIBxG8u3,2024-04-23
59,Robert Ayala,2024-04-28,LIBPKxq9,2024-04-16
60,Sarah Sweeney,2024-04-29,LIBiANhf,2024-04-16
61,Brent Dixon,2024-04-30,LIBtxaMV,2024-04-08
62,Craig Hamilton,2024-05-01,LIBEeJP5,2024-04-21
63,Charles Dominguez,2024-05-02,LIBeQTpg,2024-04-28
64,Christopher Wilson,2024-05-03,LIBSf92f,2024-04-29
65,Jamie Taylor,2024-05-04,LIBfjEVx,2024-05-02
66,Kristina Thompson,2024-05-05,LIB0W0tJ,2024-04-19
67,Heather Moody,2024-05-06,LIB8QNy3,2024-04-13
68,Franklin Medina,2024-05-07,LIBO2BB1,2024-04-29
69,Kristin Freeman,2024-05-08,LIBs42Vc,2024-04-25
70,Fernando Owens,2024-05-09,LIB8BCQM,2024-04-25
71,Shannon Moore DDS,2024-05-10,LIBbbOde,2024-04-27
72,Brandy Aguilar,2024-05-11,LIBnseV4,2024-05-05
73,Jeffrey Nichols,2024-05-12,LIBm8WrI,2024-04-20
74,Christie Cole,2024-05-13,LIBdHMye,2024-04-14
75,Taylor Orr,2024-05-14,LIBeh9Y4,2024-05-08
76,Martin Pierce,2024-05-15,LIBdQmR7,2024-05-04
77,Derek Young,2024-05-16,LIB3cIxr,2024-04-22
78,William Johns DVM,2024-05-17,LIB4zGyA,2024-04-20
79,Collin Hill,2024-05-18,LIBHN8YY,2024-05-15
80,Christopher Davies,2024-05-19,LIBmWJH1,2024-04-30
81,Krista Elliott,2024-05-20,LIBRw8Ll,2024-05-18
82,Sean David,2024-05-21,LIBkZ264,2024-05-05
83,Heidi Smith,2024-05-22,LIBRoVoN,2024-05-12
84,Catherine Thompson,2024-05-23,LIBXNIiH,2024-04-30
85,Sally Cobb,2024-05-24,LIB5YQSA,2024-05-17
86,Kyle Cobb,2024-05-25,LIBwcLfR,2024-04-29
87,Brian Johnson,2024-05-26,LIBK6B9a,2024-05-24
88,Elizabeth Mcclain,2024-05-27,LIBAOR46,2024-05-11
89,Francisco Lowe,2024-05-28,LIBLFKTs,2024-05-10
90,Patrick Lynn,2024-05-29,LIB7gdSz,2024-05-07
91,Willie Mann,2024-05-30,LIBzeHFm,2024-05-13
92,Kimberly Bell,2024-05-31,LIBwBmuA,2024-05-23
93,Amy Mann,2024-06-01,LIByCayd,2024-05-19
94,Brian Jackson,2024-06-02,LIBB0So3,2024-05-30
95,Cynthia Benton,2024-06-03,LIBuGMX8,2024-05-26
96,Christie Ford,2024-06-04,LIBZwnP3,2024-05-11
97,Catherine Luna,2024-06-05,LIBRgi34,2024-05-31
98,Sherry Carr,2024-06-06,LIBwTQY8,2024-05-19
99,Nancy Nguyen,2024-06-07,LIB1tivM,2024-05-14
100,Jesse Norman,2024-06-08,LIBzLDQA,2024-05-24
101,Tyler Mclaughlin,2024-06-09,LIBYrZRd,2024-06-04
102,Clifford Scott,2024-06-10,LIB1CJNd,2024-06-03
103,Mariah Wolfe,2024-06-11,LIBgS8cz,2024-05-22
104,Amy Murphy,2024-06-12,LIBmWJH1,2024-05-18
105,Mr. Angel Wilson MD,2024-06-13,LIBB3Ggr,2024-05-22
106,Erika Johnson,2024-06-14,LIBU5j2Z,2024-05-28
107,Alex Kelley,2024-06-15,LIBILEbv,2024-05-30
108,Isabel Sanchez,2024-06-16,LIBKLrBC,2024-06-01
109,Christina Williamson,2024-06-17,LIB05Z2a,2024-06-02
110,Melissa Butler,2024-06-18,LIBZRxSq,2024-06-04
111,Joseph White,2024-06-19,LIBmxbHq,2024-06-06
112,Jacqueline Brown,2024-06-20,LIBrm0B7,2024-05-31
113,Cindy Bryant,2024-06-21,LIBlOB7C,2024-05-29
114,James Robinson,2024-06-22,LIBRU06Z,2024-05-31
115,Mrs. Kelly Donovan,2024-06-23,LIB2NxMj,2024-05-30
116,Cassandra Smith,2024-06-24,LIBCfZGI,2024-06-21
117,Cynthia Hendricks,2024-06-25,LIBlREaq,2024-05-28
118,Connie Simmons,2024-06-26,LIBNWqbr,2024-06-22
119,Tammy Adams,2024-06-27,LIBv9m1o,2024-06-08
120,Aaron Johnson,2024-06-28,LIBMQX7T,2024-06-23
121,Julia Hernandez,2024-06-29,LIBSiKXq,2024-06-22
122,Kimberly Downs,2024-06-30,LIBxo6eH,2024-06-14
123,John Johnson,2024-07-01,LIB2rF1I,2024-06-14
124,Nancy Lynch,2024-07-02,LIBSNVkO,2024-06-06
125,Jonathan Meyers,2024-07-03,LIB8er9n,2024-06-24
126,Joseph Marshall,2024-07-04,LIBbTb3L,2024-06-14
127,Bonnie Graves,2024-07-05,LIBdQmR7,2024-06-14
128,Walter Wilson,2024-07-06,LIB5koGk,2024-07-03
129,Amy Saunders,2024-07-07,LIBEums1,2024-06-16
130,Richard Dominguez,2024-07-08,LIBJtXUS,2024-06-20
131,William Smith,2024-07-09,LIBTarPk,2024-06-19
132,Eric Fry,2024-07-10,LIBzLAUD,2024-07-09
133,Lee Smith,2024-07-11,LIBn4pgI,2024-07-02
134,Raymond Fitzpatrick,2024-07-12,LIBkoWy0,2024-07-08
135,James Thomas,2024-07-13,LIBAsOXA,2024-06-23
136,Connie Barker,2024-07-14,LIBkRZyr,2024-07-12
137,Ryan Roberts,2024-07-15,LIBxm4lj,2024-07-02
138,Samuel Kelly,2024-07-16,LIBDcC3L,2024-06-25
139,Michael Reed,2024-07-17,LIBQ3UtO,2024-07-01
140,Jesse Gomez,2024-07-18,LIBdI72F,2024-06-28
141,Steven Gray,2024-07-19,LIB370B6,2024-07-17
142,Mrs. Miranda Garrison,2024-07-20,LIBAe2dn,2024-07-09
143,Anthony Russell MD,2024-07-21,LIBZwnP3,2024-06-22
144,Jonathan Bonilla,2024-07-22,LIBoRKTI,2024-07-08
145,Sarah Holmes,2024-07-23,LIBCGKKd,2024-07-14
146,Mckenzie Reid,2024-07-24,LIBs1RPL,2024-07-01
147,Kristine Parker,2024-07-25,LIBCHvcB,2024-07-03
148,Stephanie Thompson,2024-07-26,LIBnKB6v,2024-07-24
149,Lauren Sandoval,2024-07-27,LIBSZvXj,2024-07-01
150,Anthony Lopez,2024-07-28,LIBqTbdL,2024-07-08
151,William Fitzpatrick,2024-07-29,LIBUCXW0,2024-07-18
152,Deanna Harrison,2024-07-30,LIB2QxRW,2024-07-09
153,David Cooper,2024-07-31,LIByHUjX,2024-07-02
154,Gerald Flores,2024-08-01,LIB4IVFQ,2024-07-03
155,Christina Jones,2024-08-02,LIBtIgKT,2024-07-04
156,Judith Webb,2024-08-03,LIBMXz84,2024-07-14
157,Matthew Diaz,2024-08-04,LIB8BV7a,2024-07-06
158,Brenda Bennett,2024-08-05,LIBxNM7k,2024-07-07
159,Angie Anderson,2024-08-06,LIBhldCa,2024-07-26
160,Robert Benson,2024-08-07,LIB9zY1v,2024-08-03
161,Ronald Reynolds,2024-08-08,LIB4PhgW,2024-07-18
162,Patricia Edwards,2024-08-09,LIBAnQvU,2024-07-21
163,Charles Wilkins DDS,2024-08-10,LIBkbhqX,2024-08-01
164,Amanda Barker,2024-08-11,LIBIRLkN,2024-07-18
165,Charles Page,2024-08-12,LIBRGDej,2024-07-28
166,Douglas Jackson,2024-08-13,LIBe7u4j,2024-07-20
167,Melanie Swanson,2024-08-14,LIB6fSWp,2024-07-26
168,Earl Patterson,2024-08-15,LIB2vigo,2024-08-01
169,Patrick Rios,2024-08-16,LIB1V2jT,2024-08-03
170,Michael Myers MD,2024-08-17,LIBriIeC,2024-08-12
171,Ruben Chavez,2024-08-18,LIBnhsf1,2024-07-21
172,Colton Bishop,2024-08-19,LIBYQwTO,2024-07-29
173,Casey Summers,2024-08-20,LIBVVbrZ,2024-08-15
174,Heather Wilkerson,2024-08-21,LIBoH5sO,2024-07-23
175,Damon Stone,2024-08-22,LIBwBmuA,2024-08-16
176,Christopher Hernandez,2024-08-23,LIBbWSAq,2024-08-02
177,Amy Young,2024-08-24,LIB4Jxa2,2024-07-27
178,David Hernandez,2024-08-25,LIBwcLfR,2024-08-24
179,Linda Mcdonald,2024-08-26,LIBVGnDJ,2024-08-19
180,Paul Freeman,2024-08-27,LIB4byKd,2024-08-07
181,Kelsey Phillips,2024-08-28,LIB69Nuj,2024-07-31
182,Andrew Lee,2024-08-29,LIBa75Ds,2024-08-05
183,Sandra Wilson,2024-08-30,LIBGAqLf,2024-08-14
184,Debra Burgess,2024-08-31,LIBVGsqD,2024-08-06
185,Craig Garza MD,2024-09-01,LIBjG3nv,2024-08-19
186,Cathy Wright,2024-09-02,LIBTYGxR,2024-08-31
187,Mrs. Rebecca Jensen,2024-09-03,LIB1tivM,2024-08-06
188,Courtney Harrington,2024-09-04,LIBKv9H9,2024-08-27
189,Kyle Burke,2024-09-05,LIBpPimj,2024-08-20
190,Belinda Kim,2024-09-06,LIBvrCEL,2024-08-14
191,Christine Silva,2024-09-07,LIB4ePOP,2024-08-27
192,Rachel Jones,2024-09-08,LIB9Dcru,2024-08-11
193,Christy Kaufman,2024-09-09,LIBFX8pH,2024-08-22
194,Stephanie Mitchell DDS,2024-09-10,LIBGA9m5,2024-08-23
195,Thomas Moody,2024-09-11,LIBe7u4j,2024-08-31
196,Christopher Gutierrez,2024-09-12,LIBTNC50,2024-09-07
197,Amy Hall,2024-09-13,LIB95WCT,2024-08-19
198,Jessica Evans,2024-09-14,LIB1tivM,2024-09-01
199,Justin Carr,2024-09-15,LIBNMIL0,2024-09-05
200,Jesse Rivers,2024-09-16,LIB3QhbH,2024-09-03
201,Courtney Moss,2024-09-17,LIBj7hgy,2024-08-21
202,Javier Ramirez,2024-09-18,LIBBG9AN,2024-08-24
203,Mrs. Abigail Lewis MD,2024-09-19,LIBtxaMV,2024-08-28
204,Diana Blair,2024-09-20,LIB4zGyA,2024-09-08
205,Patrick Brooks,2024-09-21,LIBGC5ja,2024-09-08
206,William Bell,2024-09-22,LIBRvQrc,2024-09-19
207,David Mclean,2024-09-23,LIBYF16R,2024-09-11
208,Barbara Meadows,2024-09-24,LIBLkFyK,2024-08-30
209,Amber Hoover,2024-09-25,LIBxpChN,2024-08-30
210,Cheryl Ray,2024-09-26,LIBLKw35,2024-09-17
211,Mason Griffin,2024-09-27,LIBdpnhP,2024-09-07
212,Cheryl Hill,2024-09-28,LIBgKi1D,2024-09-04
213,Jason Nelson,2024-09-29,LIBRETXR,2024-09-16
214,Barbara Greene,2024-09-30,LIBVQ4Gk,2024-09-02
215,Billy Murray,2024-10-01,LIB4KAiI,2024-09-06
216,Lisa Murillo,2024-10-02,LIB4EbXC,2024-09-12
217,Kathryn Thomas,2024-10-03,LIB2l2NE,2024-09-17
218,Yvonne Bender,2024-10-04,LIBj7hgy,2024-09-23
219,Linda Russell,2024-10-05,LIB8pu3I,2024-09-30
220,Edward Russo,2024-10-06,LIBn6Oqq,2024-09-15
221,Richard Scott,2024-10-07,LIBCuEpa,2024-09-30
222,Donald Matthews,2024-10-08,LIBH3BHm,2024-09-09
223,Kathleen Salazar,2024-10-09,LIBI933X,2024-10-03
224,Kevin Hammond,2024-10-10,LIBgbZu9,2024-09-29
225,Angela Perry,2024-10-11,LIBL0YKN,2024-09-29
226,William Vega,2024-10-12,LIBKLrBC,2024-10-10
227,Marie Robertson,2024-10-13,LIB1xtt8,2024-10-11
228,Amy Hines MD,2024-10-14,LIBPv5Q5,2024-10-13
229,Heather Kramer,2024-10-15,LIBtAmDt,2024-09-22
230,Melissa Gates DDS,2024-10-16,LIB3aH8E,2024-09-17
231,David Chandler,2024-10-17,LIBYh6Ok,2024-09-29
232,Jeffery Figueroa,2024-10-18,LIBi6hK2,2024-10-05
233,William Lane,2024-10-19,LIBRdmyp,2024-10-17
234,Victoria Mitchell,2024-10-20,LIBtjcF7,2024-10-02
235,Trevor Williams,2024-10-21,LIBNhVDy,2024-09-27
236,Dawn Reynolds,2024-10-22,LIBB0c2k,2024-09-23
237,Kathleen Johnson,2024-10-23,LIBnN9Is,2024-09-29
238,James Williams,2024-10-24,LIB8qh2s,2024-10-01
239,Douglas Johnson,2024-10-25,LIBqXPEI,2024-09-29
240,Susan Shepherd,2024-10-26,LIBxReqW,2024-10-21
241,Andrew Martinez,2024-10-27,LIBKLrBC,2024-10-20
242,Gerald Barton,2024-10-28,LIBVp1Rc,2024-10-15
243,John Fry,2024-10-29,LIBxJ4Cz,2024-10-01
244,Steven Hall,2024-10-30,LIBrvi0Y,2024-10-04
245,David Watson,2024-10-31,LIBw0rVX,2024-10-25
246,Michelle Perez,2024-11-01,LIBRHscJ,2024-10-11
247,Alexis Villa,2024-11-02,LIBA3kDe,2024-10-23
248,Lisa Martinez,2024-11-03,LIBwGgTk,2024-10-15
249,Kevin Rodriguez,2024-11-04,LIB0mJyq,2024-10-09
250,Alison Roach,2024-11-05,LIBzEC9W,2024-11-02
251,Robert Simpson,2024-11-06,LIB9ROxJ,2024-11-05
252,Angela Miller,2024-11-07,LIBs1RPL,2024-10-18
253,Robin Barker,2024-11-08,LIB9uekY,2024-10-14
254,Emily Smith,2024-11-09,LIBM30qR,2024-10-25
255,Andre Farley,2024-11-10,LIB8Im4c,2024-10-13
256,Allison Roberts,2024-11-11,LIBgCv8b,2024-11-01
257,Michael Hall,2024-11-12,LIBeHDdx,2024-10-18
258,Jared Soto,2024-11-13,LIBkjrVb,2024-11-10
259,Jorge Jacobs,2024-11-14,LIBYJL8O,2024-10-28
260,Matthew Bradley,2024-11-15,LIB2agi6,2024-11-12
261,Ashley Duran,2024-11-16,LIBB0c2k,2024-10-31
262,Brian Harvey,2024-11-17,LIBI9UxL,2024-10-23
263,Erica Smith,2024-11-18,LIBKLrBC,2024-11-11
264,Michael Wilson,2024-11-19,LIB9Dcru,2024-11-13
265,Andrea Chen,2024-11-20,LIBMC2YS,2024-11-17
266,Gregory Green,2024-11-21,LIBjjKF0,2024-11-14
267,John Heath,2024-11-22,LIBsl31x,2024-10-28
268,Cristian Jackson,2024-11-23,LIB86Z4o,2024-11-16
269,Kyle Velez,2024-11-24,LIB48RTl,2024-11-10
270,Kara Ramirez,2024-11-25,LIBNWqbr,2024-11-24
271,Kelli Trujillo,2024-11-26,LIBCqdzq,2024-11-16
272,Loretta Howard,2024-11-27,LIBriIeC,2024-11-23
273,Jody Lewis,2024-11-28,LIBB3Ggr,2024-11-24
274,Paul Wolf,2024-11-29,LIBbeaNj,2024-11-10
275,Mia Lyons,2024-11-30,LIBFK6x6,2024-11-24
276,Michael Jones,2024-12-01,LIBfVmRH,2024-11-28
277,Claudia Rhodes,2024-12-02,LIBBDJqP,2024-11-15
278,Megan Thompson,2024-12-03,LIBusaV6,2024-11-18
279,Ms. Rebecca Lewis,2024-12-04,LIBeh9Y4,2024-11-10
280,William Scott,2024-12-05,LIB1w0Fm,2024-11-21
281,Martha Martinez,2024-12-06,LIBup4d7,2024-12-04
282,Jessica Adams,2024-12-07,LIBCaQig,2024-11-13
283,Steve Wolfe,2024-12-08,LIBsTFbr,2024-12-04
284,Jessica White,2024-12-09,LIB7oc3X,2024-11-18
285,Calvin Gutierrez,2024-12-10,LIBmU3Rm,2024-11-23
286,Taylor Miller,2024-12-11,LIBSf92f,2024-11-22
287,John Peterson,2024-12-12,LIBwLEDH,2024-11-25
288,Autumn Lee,2024-12-13,LIBmU3Rm,2024-11-14
289,Charles Gonzalez,2024-12-14,LIBruzNF,2024-12-05
290,Crystal Walker,2024-12-15,LIBMGfPs,2024-11-19
291,Denise Clark,2024-12-16,LIB4IVFQ,2024-11-27
292,Barbara Bernard,2024-12-17,LIB8p0lD,2024-11-22
293,Charles Holland,2024-12-18,LIBKEEkW,2024-12-17
294,Erin Alvarado,2024-12-19,LIBrkuay,2024-11-27
295,Mary Crawford,2024-12-20,LIBmPGa4,2024-11-27
296,Kelly Anderson,2024-12-21,LIBsrhKq,2024-12-01
297,Andrea Miranda,2024-12-22,LIBGAeEE,2024-12-08
298,Steven Kelly,2024-12-23,LIBnpUKA,2024-11-24
299,Jennifer Avila,2024-12-24,LIBKS12w,2024-11-26
300,Joshua Erickson,2024-12-25,LIB69Nuj,2024-12-23
301,Stephen Henderson,2024-12-26,LIBBcUrs,2024-12-02
302,Edward Greene,2024-12-27,LIBe9oHE,2024-12-24
303,Andrew Hardin,2024-12-28,LIBqD2dM,2024-12-01
304,Joshua Alexander,2024-12-29,LIBSiKXq,2024-12-22
305,Kimberly Hernandez,2024-12-30,LIBSYE0a,2024-12-19
306,Anthony Smith,2024-12-31,LIBtR6ls,2024-12-15
307,Lisa Franklin,2025-01-01,LIBe7u4j,2024-12-05
308,Whitney Johnson,2025-01-02,LIBsTFbr,2024-12-30
309,Joseph Kelly,2025-01-03,LIBO7o0W,2024-12-12
310,Marcus Weaver,2025-01-04,LIBFlsFH,2024-12-18
311,Brianna Baker,2025-01-05,LIBmxlh1,2024-12-14
312,Sarah Johnson,2025-01-06,LIB96bhU,2024-12-10
313,Darren Hudson,2025-01-07,LIBDHFfY,2025-01-06
314,Lucas Hernandez,2025-01-08,LIBnpAGA,2024-12-16
315,Arthur Webster MD,2025-01-09,LIB48RTl,2024-12-21
316,Caroline Carlson,2025-01-10,LIBxNM7k,2024-12-27
317,David Gonzales DDS,2025-01-11,LIB6Jq5t,2024-12-30
318,Dakota Mitchell,2025-01-12,LIBROESE,2025-01-08
319,Ronnie Fox,2025-01-13,LIBx8WCo,2025-01-10
320,Elizabeth Torres,2025-01-14,LIBd3s1z,2024-12-23
321,Michael Clark,2025-01-15,LIBixst2,2025-01-08
322,Ellen Wood,2025-01-16,LIBtv21F,2025-01-03
323,John Hernandez,2025-01-17,LIBXkpBD,2024-12-20
324,Matthew Best,2025-01-18,LIBeQTpg,2025-01-03
325,Kathy Mcmillan DDS,2025-01-19,LIBM45bF,2024-12-24
326,Raymond Garcia,2025-01-20,LIBe7u4j,2024-12-22
327,Amanda Gay,2025-01-21,LIBMBm0i,2025-01-17
328,Timothy Campos,2025-01-22,LIBDTaYB,2025-01-19
329,Kim Hardin,2025-01-23,LIBVxpjU,2024-12-31
330,Anna Pena,2025-01-24,LIBkObMc,2025-01-02
331,Steven Adams,2025-01-25,LIByKVJw,2025-01-14
332,Nicholas Smith,2025-01-26,LIBGxBXc,2025-01-18
333,Anthony Williams,2025-01-27,LIBcWWDD,2025-01-10
334,Melissa May,2025-01-28,LIBnN9Is,2025-01-26
335,Kimberly Eaton,2025-01-29,LIBEhWuc,2025-01-03
336,Andrew Zimmerman,2025-01-30,LIBQK9MQ,2025-01-27
337,Stephanie Ferguson,2025-01-31,LIBcoHmC,2025-01-22
338,Maria Decker,2025-02-01,LIBfiOIW,2025-01-26
339,Eric Robinson,2025-02-02,LIBL0YKN,2025-01-29
340,Donald Roberson,2025-02-03,LIBJ7WcP,2025-01-29
341,Edward Yang,2025-02-04,LIB5qBqL,2025-01-18
342,Michael Stuart,2025-02-05,LIBQVG0u,2025-01-25
343,Robert Winters,2025-02-06,LIBeQTpg,2025-01-24
344,Raymond Fleming,2025-02-07,LIBtAmDt,2025-01-12
345,Angie Taylor,2025-02-08,LIBmrFke,2025-01-19
346,Hannah Foster,2025-02-09,LIB2agi6,2025-01-24
347,Richard Wade,2025-02-10,LIBU5j2Z,2025-01-15
348,Maria Rodriguez,2025-02-11,LIBDHFfY,2025-01-28
349,Caitlin Deleon,2025-02-12,LIBv9m1o,2025-02-03
350,Jonathan Carrillo,2025-02-13,LIBzKLSl,2025-01-20
351,Samantha Weber,2025-02-14,LIB86Z4o,2025-01-22
352,Tracy Jenkins,2025-02-15,LIB6IGrT,2025-02-01
353,Cheryl Harmon,2025-02-16,LIBQqzxo,2025-01-24
354,Melissa Atkinson,2025-02-17,LIBdHMye,2025-02-04
355,Dominique Peck,2025-02-18,LIBOUMlf,2025-02-01
356,Veronica Dalton,2025-02-19,LIBr3SCi,2025-01-23
357,Megan Ray,2025-02-20,LIBU9OZv,2025-01-26
358,Brooke Washington,2025-02-21,LIBAVWsa,2025-02-14
359,Lisa Avila,2025-02-22,LIBC7pDn,2025-02-08
360,Pamela Moore,2025-02-23,LIBSvW8D,2025-02-12
361,Christopher Baker,2025-02-24,LIByij4v,2025-02-14
362,Terri Jones,2025-02-25,LIBC2dQ2,2025-02-23
363,Tina Waters,2025-02-26,LIB7u7yB,2025-02-17
364,Carolyn Wood,2025-02-27,LIBYqvrz,2025-01-29
365,Lisa Phillips,2025-02-28,LIBwGgTk,2025-02-27
366,Ryan Scott,2025-03-01,LIBsCQeB,2025-02-16
367,Kayla Jimenez,2025-03-02,LIBb6jF4,2025-02-21
368,Jeffrey Brooks,2025-03-03,LIBB0So3,2025-02-26
369,Gregory York,2025-03-04,LIBuGMX8,2025-02-03
370,Caroline Rivas,2025-03-05,LIBhu07H,2025-03-02
371,Dean Smith,2025-03-06,LIBafnMT,2025-02-19
372,Douglas Underwood,2025-03-07,LIBYrZRd,2025-03-04
373,Tara Cox,2025-03-08,LIB7kwwX,2025-03-01
374,Amber Scott,2025-03-09,LIBmE3vF,2025-02-27
375,Krista Jones,2025-03-10,LIBOUMlf,2025-02-20
376,Nicholas Rowe,2025-03-11,LIBESoOq,2025-02-15
377,Savannah Mason,2025-03-12,LIBgsoh8,2025-03-06
378,Yvonne James,2025-03-13,LIBtv21F,2025-03-03
379,Jon Conway,2025-03-14,LIBpZq0z,2025-02-26
380,Stephanie Hartman,2025-03-15,LIB0w06x,2025-03-12
381,Anne Richards,2025-03-16,LIByCayd,2025-03-11
382,Jessica Clay,2025-03-17,LIBUGXII,2025-02-28
383,Veronica Warren,2025-03-18,LIBcZ8uH,2025-03-08
384,Kathleen Davis,2025-03-19,LIBaFMIV,2025-03-15
385,Steven Perez MD,2025-03-20,LIB0Vn8J,2025-03-02
386,Audrey Johnson,2025-03-21,LIBa75Ds,2025-03-06
387,Alicia Compton,2025-03-22,LIB0w06x,2025-02-26
388,Joan Yoder,2025-03-23,LIBRw8Ll,2025-03-15
389,James Klein,2025-03-24,LIBNDA7R,2025-02-28
390,Mary Hamilton,2025-03-25,LIBd3s1z,2025-03-01
391,Cynthia Gutierrez,2025-03-26,LIBfSCdP,2025-03-21
392,Russell Wright,2025-03-27,LIBd52PM,2025-03-16
393,Kaylee Thomas,2025-03-28,LIBxr01y,2025-03-20
394,Lori Daniels,2025-03-29,LIBMKKOQ,2025-03-13
395,David Johnson,2025-03-30,LIBpfLSm,2025-03-01
396,Heidi Hart,2025-03-31,LIBj95pQ,2025-03-08
397,Kelly Murray,2025-04-01,LIBdHMye,2025-03-27
398,James Johnson,2025-04-02,LIBbIk49,2025-03-05
399,Kelly Jones,2025-04-03,LIBnjo1t,2025-03-06
400,Brandi Charles,2025-04-04,LIB8DR29,2025-03-20
401,Ann Brewer,2025-04-05,LIBlFvjk,2025-03-26
402,Henry Porter,2025-04-06,LIBGp2Xi,2025-03-20
403,Elaine Wilson,2025-04-07,LIBYHmf2,2025-03-28
404,Marissa Johns,2025-04-08,LIBnFFRW,2025-03-20
405,Willie Dunn,2025-04-09,LIBGxBXc,2025-04-08
406,Raymond Newman,2025-04-10,LIBYHmf2,2025-03-22
407,Christopher Wolfe,2025-04-11,LIBVVbrZ,2025-04-08
408,Michelle David,2025-04-12,LIBYsPFP,2025-03-22
409,Bryan Johnson,2025-04-13,LIBt0fcH,2025-04-08
410,Denise Phillips,2025-04-14,LIBd3s1z,2025-03-20
411,Jasmine Davis,2025-04-15,LIBXZ6gT,2025-04-02
412,Mr. Matthew George,2025-04-16,LIBtAmDt,2025-04-11
413,Kevin Osborn,2025-04-17,LIB99pCk,2025-03-28
414,Scott Harris,2025-04-18,LIBC4V7n,2025-04-11
415,Peter Marsh,2025-04-19,LIBkgS45,2025-04-06
416,David Hammond,2025-04-20,LIBtxaMV,2025-03-27
417,Elizabeth Mitchell,2025-04-21,LIBkbhqX,2025-04-01
418,Donna Carter,2025-04-22,LIBFnd89,2025-04-11
419,Michael Jones,2025-04-23,LIBAFq1L,2025-04-17
420,William Banks,2025-04-24,LIBJigPo,2025-04-06
421,Robert Charles,2025-04-25,LIBjxx7g,2025-04-10
422,Ashley Hebert,2025-04-26,LIBhKNNB,2025-04-15
423,Edward Walker,2025-04-27,LIBI6osG,2025-04-04
424,Richard Pugh DDS,2025-04-28,LIBtlmvl,2025-04-09
425,Gabriel Ward,2025-04-29,LIB86Z4o,2025-04-05
426,Amy Gilmore,2025-04-30,LIB5qBqL,2025-04-05
427,Krista Holmes,2025-05-01,LIBGC5ja,2025-04-30
428,Amanda Ball,2025-05-02,LIBiTPNd,2025-04-25
429,Erica Mays,2025-05-03,LIB2ziFO,2025-04-23
430,Matthew Lyons,2025-05-04,LIBxhPsP,2025-04-20
431,Charles Mckinney,2025-05-05,LIBjX1Xf,2025-04-26
432,Roger Krause,2025-05-06,LIBnAwI7,2025-04-28
433,Tammy Craig,2025-05-07,LIBbriAg,2025-04-28
434,Courtney Martinez,2025-05-08,LIB5m5iT,2025-04-20
435,Matthew White,2025-05-09,LIBuC9hG,2025-04-26
436,Stephen Johnson,2025-05-10,LIB6Jq5t,2025-04-29
437,Christopher Wolfe,2025-05-11,LIBXaW9D,2025-04-21
438,Kent Parker,2025-05-12,LIB92nsg,2025-05-02
439,Sydney Roberts,2025-05-13,LIBFX8pH,2025-04-22
440,Adam Howell,2025-05-14,LIBRAQ3F,2025-04-21
441,Christine Bush,2025-05-15,LIBs48Lc,2025-04-18
442,Charles Leon,2025-05-16,LIB0opyi,2025-04-21
443,Joshua Glenn,2025-05-17,LIB96bhU,2025-05-08
444,Richard Perkins,2025-05-18,LIBjOlqG,2025-05-06
445,Nicholas Dennis,2025-05-19,LIBsQYfz,2025-04-22
446,Christopher Eaton,2025-05-20,LIBRGDej,2025-04-25
447,Natalie Potter,2025-05-21,LIBz3ocy,2025-05-14
448,Kayla Perez,2025-05-22,LIBtDfyz,2025-05-20
449,Jennifer Hansen,2025-05-23,LIBzLAUD,2025-05-22
450,Charles Wong,2025-05-24,LIB4PhgW,2025-05-15
451,Amy Arias,2025-05-25,LIBSiKXq,2025-05-16
452,Michael Bauer Jr.,2025-05-26,LIB1w0Fm,2025-05-16
453,Kelsey Burton,2025-05-27,LIBuS2WD,2025-05-03
454,Craig Norman,2025-05-28,LIBwLEDH,2025-05-20
455,Kenneth Mccarthy,2025-05-29,LIB13wu5,2025-04-30
456,Nicole Brown,2025-05-30,LIBfO8q8,2025-05-06
457,Karen Lopez,2025-05-31,LIBAlKpi,2025-05-25
458,Andrew Maxwell,2025-06-01,LIBJtvc9,2025-05-19
459,Veronica James,2025-06-02,LIBMsadm,2025-05-04
460,Lisa Livingston,2025-06-03,LIBAe2dn,2025-05-10
461,Anita Owens,2025-06-04,LIBwC2Ea,2025-05-15
462,Laura Bishop,2025-06-05,LIB5YQSA,2025-05-13
463,Ronald Stewart,2025-06-06,LIBBLENV,2025-05-09
464,Julian Davis,2025-06-07,LIBnv2L5,2025-06-04
465,Brandon Mueller,2025-06-08,LIBAsOXA,2025-05-30
466,Shane Barnett,2025-06-09,LIBGGi1y,2025-05-16
467,Yvonne Garrett,2025-06-10,LIBnFFRW,2025-05-16
468,Morgan Valencia,2025-06-11,LIBUZomK,2025-05-13
469,Christopher Phillips,2025-06-12,LIBMKKOQ,2025-05-14
470,Michael Park,2025-06-13,LIBIEBY5,2025-05-18
471,Troy Yu,2025-06-14,LIBMQiWB,2025-06-02
472,Sharon Hill,2025-06-15,LIBkQ01p,2025-05-29
473,Marvin Ortiz,2025-06-16,LIBL4Bmr,2025-05-29
474,Jill Smith,2025-06-17,LIBypVZM,2025-05-27
475,Stephanie Francis,2025-06-18,LIB1bht4,2025-06-02
476,Justin Douglas,2025-06-19,LIBmVYyC,2025-06-04
477,Jeremiah Doyle,2025-06-20,LIBnv2L5,2025-06-16
478,John Robinson,2025-06-21,LIBtAmDt,2025-06-10
479,David Cobb,2025-06-22,LIB75aN6,2025-06-19
480,Austin Schultz,2025-06-23,LIBFAOiY,2025-06-06
481,Stephen Hicks,2025-06-24,LIBDnKfa,2025-06-13
482,Candice Wilson,2025-06-25,LIByE64b,2025-06-10
483,Joseph Todd,2025-06-26,LIBDrXgn,2025-06-08
484,Eric Burton,2025-06-27,LIB0j9H6,2025-06-16
485,Sara Jones,2025-06-28,LIBZJqjl,2025-06-15
486,Christine Williams,2025-06-29,LIBi1piD,2025-06-16
487,Sarah Smith,2025-06-30,LIB1cEdy,2025-06-07
488,Angela Riley,2025-07-01,LIBhKrxk,2025-06-15
489,Matthew Hall,2025-07-02,LIBKS04s,2025-06-29
490,Billy Franklin,2025-07-03,LIB9Awdw,2025-06-15
491,Tammy Clayton,2025-07-04,LIBMZwCq,2025-06-25
492,Steven Swanson,2025-07-05,LIBZ6tNY,2025-06-15
493,Jessica Lee,2025-07-06,LIBNgIRA,2025-06-11
494,Miranda Floyd,2025-07-07,LIBAFq1L,2025-06-24
495,Mark Case,2025-07-08,LIBFlsFH,2025-06-28
496,Michael Rich,2025-07-09,LIBr1ik8,2025-06-25
497,Andrea Braun,2025-07-10,LIBn08Ok,2025-06-23
498,Stephen Martinez,2025-07-11,LIBGY0VN,2025-06-18
499,James Wagner,2025-07-12,LIBtAmDt,2025-07-09
500,Michelle Fernandez,2025-07-13,LIB98uIQ,2025-06-24
501,Ashley Turner,2025-07-14,LIBxu6R2,2025-06-25
502,Jennifer Watson,2025-07-15,LIB6fSWp,2025-06-24
503,Mary Khan,2025-07-16,LIBCXEU5,2025-07-14
504,Erika Santiago,2025-07-17,LIBtXgBd,2025-07-11
505,David Donaldson,2025-07-18,LIBeAvju,2025-07-14
506,Gina Barrett,2025-07-19,LIBkDtxs,2025-06-28
507,Andrew Blackwell,2025-07-20,LIB02pac,2025-06-28
508,Evelyn Welch,2025-07-21,LIBRw8Ll,2025-06-22
509,David King,2025-07-22,LIBZY5B1,2025-06-30
510,Anthony Brown,2025-07-23,LIB3ikJT,2025-07-22
511,Richard Warner,2025-07-24,LIBJaNe6,2025-07-05
512,Christopher Cain,2025-07-25,LIBvYPOi,2025-07-14
513,Meghan Ferguson,2025-07-26,LIBsMgg9,2025-07-12
514,Joseph Gray,2025-07-27,LIBuJtiw,2025-07-02
515,Tanya Henderson,2025-07-28,LIBYHmf2,2025-07-17
516,Leah Herman,2025-07-29,LIBkRZyr,2025-07-20
517,Timothy Mendez,2025-07-30,LIBEXnSn,2025-07-12
518,Laura Brown,2025-07-31,LIBAsOXA,2025-07-14
519,Gary Jones,2025-08-01,LIBixst2,2025-07-31
520,Katie Gilbert,2025-08-02,LIB8p0lD,2025-07-06
521,Melissa Martin,2025-08-03,LIBcy8si,2025-07-29
522,Kelly Tanner,2025-08-04,LIBXtsG6,2025-07-08
523,Frank Houston,2025-08-05,LIBw50Zq,2025-07-09
524,Tyler Hernandez,2025-08-06,LIBmxbHq,2025-07-27
525,Kylie Ford,2025-08-07,LIBb2zfq,2025-07-10
526,Jamie Martinez,2025-08-08,LIBxGtUB,2025-08-01
527,Steven Crawford,2025-08-09,LIBL1FAD,2025-07-11
528,Donald Walls,2025-08-10,LIBOaC5i,2025-07-25
529,Julie Griffith,2025-08-11,LIBMiReV,2025-08-04
530,Danielle Ball,2025-08-12,LIBlFvjk,2025-07-25
531,Marvin House,2025-08-13,LIBmU3Rm,2025-07-20
532,Cody Schmitt,2025-08-14,LIBjkelI,2025-07-17
533,Anne Hernandez,2025-08-15,LIB0mbzg,2025-08-14
534,Debra Lopez,2025-08-16,LIBMrUnI,2025-07-29
535,William Maxwell,2025-08-17,LIBXaBUQ,2025-08-16
536,Daniel Roberson,2025-08-18,LIBKEEkW,2025-08-01
537,Andrea Hodge,2025-08-19,LIB6AcAg,2025-07-21
538,Jonathan Good,2025-08-20,LIBzSyAB,2025-07-22
539,Teresa Holmes,2025-08-21,LIBFSbW5,2025-08-04
540,Jamie Kent,2025-08-22,LIBVYLrF,2025-08-04
541,Kristin Rose,2025-08-23,LIBrR0zR,2025-07-25
542,Howard Wright,2025-08-24,LIB6AMKQ,2025-08-18
543,Lindsey Garcia,2025-08-25,LIBLFKTs,2025-07-30
544,Kristine King,2025-08-26,LIBVVbrZ,2025-08-24
545,Amy Huber,2025-08-27,LIBxhPsP,2025-08-21
546,Ryan Fields,2025-08-28,LIBzVDoc,2025-08-21
547,Rebecca Jensen,2025-08-29,LIBMKpoJ,2025-08-04
548,Lori Li,2025-08-30,LIBTC7WE,2025-08-15
549,Jasmine Fuller,2025-08-31,LIBDOoXk,2025-08-16
550,Diana Oneal,2025-09-01,LIBw0rVX,2025-08-03
551,Ashley Hayden MD,2025-09-02,LIBLkFyK,2025-08-30
552,Ann Booth,2025-09-03,LIB0cN5U,2025-08-10
553,Steven Price,2025-09-04,LIBtv21F,2025-08-18
554,Becky Bentley,2025-09-05,LIB2QxRW,2025-09-03
555,Aaron Yates,2025-09-06,LIBwC2Ea,2025-08-27
556,Candice Ramirez,2025-09-07,LIBSYE0a,2025-08-17
557,Kyle Jones,2025-09-08,LIBpCvt4,2025-08-15
558,Joel Wilson,2025-09-09,LIBrbmGg,2025-08-16
559,Carl Martinez,2025-09-10,LIBeUlWY,2025-08-26
560,Michael Daniels,2025-09-11,LIBLE2FS,2025-08-21
561,Jason Figueroa,2025-09-12,LIB212Uu,2025-09-03
562,Steven Martin,2025-09-13,LIBhES2G,2025-09-02
563,Cheryl Skinner,2025-09-14,LIBvYPOi,2025-08-25
564,Christopher Patel,2025-09-15,LIBzMKdS,2025-09-03
565,Tim Brady,2025-09-16,LIBRhVvg,2025-08-26
566,Bonnie Stanley,2025-09-17,LIBmXDQA,2025-09-02
567,Timothy Diaz,2025-09-18,LIB6IGrT,2025-08-27
568,Angela Burch,2025-09-19,LIBQK0gI,2025-08-28
569,Sarah Jones,2025-09-20,LIBIWMGe,2025-09-08
570,Tina Harmon,2025-09-21,LIBdNmeb,2025-08-31
571,Thomas Jimenez,2025-09-22,LIBRvQrc,2025-09-19
572,Michael Jones,2025-09-23,LIBiXmFP,2025-09-04
573,Erika Bailey,2025-09-24,LIBU4giF,2025-09-07
574,Joseph Shaw,2025-09-25,LIBPQe76,2025-09-19
575,Susan Day,2025-09-26,LIBRETXR,2025-09-02
576,Kristen Garcia,2025-09-27,LIBzKLSl,2025-09-24
577,Martin Gibbs,2025-09-28,LIBBcUrs,2025-09-25
578,Kayla Henry,2025-09-29,LIBeVFt8,2025-09-25
579,Yvette Branch,2025-09-30,LIBH3BHm,2025-09-03
580,Autumn Sanchez,2025-10-01,LIBiyLWf,2025-09-08
581,David Harrell,2025-10-02,LIBQ3UtO,2025-09-29
582,Gerald Barnes,2025-10-03,LIBCaQig,2025-09-07
583,Heather Collins,2025-10-04,LIBNX9SA,2025-09-26
584,Brenda Spencer,2025-10-05,LIBQTRN8,2025-09-15
585,Christina Wallace,2025-10-06,LIBJtvc9,2025-09-26
586,Marissa Gregory,2025-10-07,LIB1JVBx,2025-10-06
587,Jeffery Scott,2025-10-08,LIBgbZu9,2025-09-29
588,John Norris,2025-10-09,LIBjQJae,2025-10-06
589,Christopher Wright,2025-10-10,LIBP7EJI,2025-09-29
590,Derrick Koch,2025-10-11,LIBswRA8,2025-09-26
591,Cheryl Jones,2025-10-12,LIBcy8si,2025-09-17
592,Heather Harris,2025-10-13,LIBVQ4Gk,2025-09-23
593,William Martinez,2025-10-14,LIBoJ0rk,2025-09-25
594,Tracy Jones,2025-10-15,LIBc7nAq,2025-10-13
595,Dr. Nicholas Collins,2025-10-16,LIBGGi1y,2025-09-21
596,Spencer Garcia,2025-10-17,LIBSR4qU,2025-09-24
597,Jessica Kennedy,2025-10-18,LIB1AgM7,2025-09-28
598,David Holmes,2025-10-19,LIBuS2WD,2025-10-07
599,Matthew Acosta,2025-10-20,LIBMZwCq,2025-10-13
600,Angel Chavez,2025-10-21,LIBu17dU,2025-10-13
601,Dean Brown,2025-10-22,LIBzEwen,2025-10-13
602,Joseph Rowe,2025-10-23,LIBpPimj,2025-10-22
603,Alexandria Alvarez,2025-10-24,LIBOaC5i,2025-09-28
604,Autumn Joseph,2025-10-25,LIB48RTl,2025-10-16
605,Elizabeth Davis,2025-10-26,LIBwLciT,2025-10-21
606,Erin Clark,2025-10-27,LIBQqzxo,2025-10-07
607,Molly Ferguson,2025-10-28,LIBmxbHq,2025-10-19
608,Joseph Walters,2025-10-29,LIBuS2WD,2025-10-25
609,Michael Wright,2025-10-30,LIBhldCa,2025-10-06
610,Bobby Mills,2025-10-31,LIBup4d7,2025-10-13
611,Bryan Foster,2025-11-01,LIB9zY1v,2025-10-19
612,Nicole Stephens,2025-11-02,LIB2ynvM,2025-10-07
613,Wesley Patel,2025-11-03,LIBdQmR7,2025-10-26
614,Brenda Spence,2025-11-04,LIBmYtpW,2025-10-09
615,James Lopez,2025-11-05,LIBMrUnI,2025-10-29
616,Ellen Wilkerson,2025-11-06,LIBRXDA8,2025-10-18
617,Christopher Maxwell,2025-11-07,LIBlwx5m,2025-11-01
618,Melissa Hale,2025-11-08,LIB1xtt8,2025-11-03
619,Kathryn Hernandez,2025-11-09,LIBWytuu,2025-10-26
620,Karen Valentine,2025-11-10,LIBDtMFV,2025-11-08
621,Robert Barr,2025-11-11,LIBGY0VN,2025-11-10
622,Lindsey Tate,2025-11-12,LIB7mrC2,2025-10-27
623,Emily Taylor,2025-11-13,LIBuJtiw,2025-11-03
624,Shawn Grant,2025-11-14,LIBTC7WE,2025-10-19
625,Daniel Chang,2025-11-15,LIBgKi1D,2025-10-27
626,William Wright,2025-11-16,LIBmWyqL,2025-11-13
627,David Welch,2025-11-17,LIB0mbzg,2025-10-27
628,Christopher Quinn,2025-11-18,LIBpM0Pk,2025-11-01
629,Richard Brewer,2025-11-19,LIB43Xre,2025-10-30
630,Amy Cannon,2025-11-20,LIBk5YzM,2025-10-25
631,Mary Castillo,2025-11-21,LIBxxuSw,2025-10-31
632,Robert Wright,2025-11-22,LIBJigPo,2025-11-11
633,Tricia Sampson,2025-11-23,LIBGY722,2025-11-17
634,Joseph Porter,2025-11-24,LIBrXRHU,2025-11-11
635,Shelly Luna,2025-11-25,LIBkjrVb,2025-11-23
636,Laura White,2025-11-26,LIBWbj6b,2025-11-09
637,Mary Lucas,2025-11-27,LIB02pac,2025-11-25
638,Christopher Castillo,2025-11-28,LIBCqdzq,2025-11-03
639,Benjamin Moore MD,2025-11-29,LIBLupL0,2025-11-05
640,Susan Cochran,2025-11-30,LIBUCXW0,2025-11-29
641,Ryan Baker,2025-12-01,LIBO6pqM,2025-11-22
642,David Lewis,2025-12-02,LIBdJBpf,2025-11-11
643,Philip Williams,2025-12-03,LIBXaW9D,2025-11-21
644,Jonathan Anderson,2025-12-04,LIB3QhbH,2025-11-21
645,James Martinez,2025-12-05,LIBI6PrM,2025-12-02
646,Jennifer Rogers,2025-12-06,LIBhDCQj,2025-11-14
647,Elizabeth Rodriguez,2025-12-07,LIBi4mST,2025-11-13
648,Timothy Henderson,2025-12-08,LIBnjo1t,2025-11-20
649,Edward Hale,2025-12-09,LIB1xtt8,2025-11-11
650,Deborah Macdonald,2025-12-10,LIBVGsqD,2025-11-28
651,Alexander Le,2025-12-11,LIBb2nUC,2025-11-17
652,Timothy Garcia,2025-12-12,LIBxYM48,2025-12-11
653,Daniel Medina,2025-12-13,LIBC2dQ2,2025-12-01
654,Sarah Jackson,2025-12-14,LIBN91fe,2025-11-25
655,Richard Green,2025-12-15,LIBYHmf2,2025-12-03
656,Andrew Howard,2025-12-16,LIBfvpxi,2025-12-06
657,Gary Mitchell,2025-12-17,LIBZLIK5,2025-11-24
658,Jared Bowers,2025-12-18,LIBWerQh,2025-12-07
659,Brad Petty,2025-12-19,LIBG6SSY,2025-12-09
660,Jeffrey Williams,2025-12-20,LIBRdmyp,2025-12-19
661,Sandra Palmer,2025-12-21,LIBm055N,2025-12-05
662,Mrs. Karen Anderson,2025-12-22,LIBla0qD,2025-12-12
663,Christopher Holder,2025-12-23,LIB05Z2a,2025-12-07
664,Matthew Johnson,2025-12-24,LIBFnd89,2025-12-19
665,Richard Lindsey,2025-12-25,LIB8QGsH,2025-12-11
666,Ronald White,2025-12-26,LIBJObF6,2025-11-30
667,Thomas Bates,2025-12-27,LIB3sv4E,2025-12-15
668,Phillip Rogers,2025-12-28,LIB7gdSz,2025-12-12
669,Ashlee Garner,2025-12-29,LIB8BCQM,2025-12-18
670,Frank Welch,2025-12-30,LIBmWyqL,2025-12-03
671,Richard Allen,2025-12-31,LIB2FGeg,2025-12-09
672,Renee Carrillo,2026-01-01,LIBQ22J6,2025-12-29
673,Karen Aguilar,2026-01-02,LIBmVYyC,2025-12-20
674,William Harris,2026-01-03,LIBYQwTO,2025-12-22
675,Tracy Williams,2026-01-04,LIBvNUaw,2025-12-14
676,Derrick Cannon,2026-01-05,LIBlFvjk,2025-12-18
677,Andre Pope,2026-01-06,LIB67ICT,2025-12-21
678,Sara Gutierrez,2026-01-07,LIB2KTLO,2025-12-14
679,Alexis Kim,2026-01-08,LIBa75Ds,2025-12-17
680,James Murphy,2026-01-09,LIBILEbv,2025-12-25
681,Amy Mays,2026-01-10,LIBzQYsH,2025-12-15
682,Karen Osborn,2026-01-11,LIBeiqzj,2025-12-28
683,John Evans,2026-01-12,LIB0w06x,2025-12-16
684,Elizabeth Murphy,2026-01-13,LIBcy8si,2025-12-22
685,Danielle Davis,2026-01-14,LIBKNdpt,2025-12-18
686,Angelica Gaines,2026-01-15,LIBpCvt4,2025-12-30
687,Nicolas Winters,2026-01-16,LIBfSCdP,2025-12-31
688,Morgan Bennett,2026-01-17,LIB9PnAf,2025-12-27
689,Sean Davis,2026-01-18,LIBvrCEL,2025-12-26
690,Edwin Schwartz,2026-01-19,LIBRzC9e,2026-01-02
691,Edward Hill,2026-01-20,LIBssvS8,2026-01-04
692,Erik Watson,2026-01-21,LIBmXDQA,2026-01-14
693,Pamela Potts,2026-01-22,LIB5Uuq2,2026-01-12
694,Stephen Marsh,2026-01-23,LIBjfOX8,2025-12-31
695,Melissa Shelton,2026-01-24,LIBj95pQ,2026-01-01
696,Heather Ortiz,2026-01-25,LIBmPGa4,2026-01-14
697,Sharon Terrell,2026-01-26,LIBiQqh0,2026-01-20
698,Keith Reynolds,2026-01-27,LIB8WoQJ,2026-01-24
699,Ricardo Stewart,2026-01-28,LIBjsroC,2026-01-24
700,Kristen Dudley,2026-01-29,LIBRdmyp,2026-01-25
701,Ruben Washington,2026-01-30,LIB4IVFQ,2026-01-25
702,Matthew Duffy,2026-01-31,LIBKNdpt,2026-01-20
703,Lisa Blair MD,2026-02-01,LIB2vigo,2026-01-27
704,Joanna Acosta,2026-02-02,LIBKS12w,2026-01-15
705,Patrick Murphy,2026-02-03,LIB9uekY,2026-01-26
706,Melanie Holloway,2026-02-04,LIBrM410,2026-02-01
707,Ethan Massey,2026-02-05,LIBRtuMk,2026-01-23
708,Lauren Zuniga,2026-02-06,LIB3Dmk0,2026-01-11
709,Kimberly Anderson,2026-02-07,LIBU5j2Z,2026-01-19
710,Michelle Richardson,2026-02-08,LIBUCXW0,2026-01-28
711,Allison Richardson,2026-02-09,LIBuakjY,2026-01-27
712,Colton Fuller,2026-02-10,LIBJatG8,2026-01-19
713,Christina Sharp,2026-02-11,LIBaPjQ0,2026-01-20
714,Bryan Ross,2026-02-12,LIBtlmvl,2026-02-11
715,Scott Taylor,2026-02-13,LIB4l8E2,2026-02-08
716,Anthony Harris,2026-02-14,LIB9MfTp,2026-01-20
717,Kathy Nguyen,2026-02-15,LIBB0So3,2026-01-21
718,Colleen Lewis,2026-02-16,LIBEeJP5,2026-02-14
719,Mr. Jason Smith,2026-02-17,LIBGAqLf,2026-02-04
720,Andres Costa,2026-02-18,LIBuJtiw,2026-02-08
721,Reginald Wilson,2026-02-19,LIBzHB1G,2026-02-15
722,Jessica Brown,2026-02-20,LIBKjOfI,2026-02-14
723,Maria Hudson,2026-02-21,LIBG4Ccg,2026-01-24
724,Jose Ortiz,2026-02-22,LIBgbZu9,2026-01-28
725,Sonia Walters,2026-02-23,LIBof3Yi,2026-02-17
726,Ana Mcconnell,2026-02-24,LIBOgOs7,2026-02-23
727,Albert Petersen,2026-02-25,LIByWAgU,2026-02-04
728,Ariana Brown,2026-02-26,LIBlwx5m,2026-02-24
729,Gina Watson,2026-02-27,LIB4JAAE,2026-02-22
730,Antonio Smith,2026-02-28,LIBgaDo6,2026-01-31
731,Walter Martin,2026-03-01,LIB5kirV,2026-02-08
732,Kimberly Reed,2026-03-02,LIBzSyAB,2026-02-28
733,John Mccormick,2026-03-03,LIBpCvt4,2026-02-21
734,Elizabeth Owen,2026-03-04,LIBvYPOi,2026-03-02
735,Amy Obrien,2026-03-05,LIB86Z4o,2026-02-10
736,Michael Tyler,2026-03-06,LIB36eLf,2026-02-28
737,Sheila Osborne DDS,2026-03-07,LIBRETXR,2026-02-19
738,Michelle Murray,2026-03-08,LIBYsPFP,2026-03-02
739,Ryan Webb,2026-03-09,LIBcowrB,2026-02-28
740,Melissa Smith,2026-03-10,LIBpM0Pk,2026-02-17
741,Devin Davis,2026-03-11,LIB6JOtf,2026-03-05
742,Tamara Miller,2026-03-12,LIBeZv04,2026-02-27
743,Stephen Mendoza,2026-03-13,LIBQTymT,2026-03-07
744,Sarah Collins,2026-03-14,LIBcqBmR,2026-03-06
745,Logan White,2026-03-15,LIBI933X,2026-02-20
746,Christine Downs,2026-03-16,LIB4EbXC,2026-02-25
747,Brittany Jackson,2026-03-17,LIBpFxVS,2026-02-28
748,Robyn Porter,2026-03-18,LIBJ7WcP,2026-02-26
749,Justin Robinson,2026-03-19,LIB96bhU,2026-02-22
750,Dawn Johnson,2026-03-20,LIBK1nv5,2026-03-17
751,Bruce Taylor,2026-03-21,LIB7kwwX,2026-02-25
752,Melinda Nguyen,2026-03-22,LIBxpChN,2026-02-28
753,Kristina Dixon,2026-03-23,LIBQTymT,2026-03-20
754,David Warren,2026-03-24,LIBG9Sz0,2026-03-10
755,William Graves,2026-03-25,LIBO6pqM,2026-03-10
756,Monica Jones,2026-03-26,LIBQwNaW,2026-03-25
757,Scott White,2026-03-27,LIBxUnet,2026-03-23
758,Bernard Davis,2026-03-28,LIBssbNV,2026-03-24
759,Jennifer Neal,2026-03-29,LIByE64b,2026-03-03
760,Robin Casey,2026-03-30,LIBE7fDI,2026-03-24
761,Jacob Bowen,2026-03-31,LIBpCvt4,2026-03-06
762,Melissa Snow,2026-04-01,LIBLFKTs,2026-03-21
763,Mia Berry,2026-04-02,LIBem2Ti,2026-03-19
764,Stacy Burke,2026-04-03,LIBfjEVx,2026-03-19
765,Scott Thomas,2026-04-04,LIBPulBq,2026-03-22
766,Phillip Key,2026-04-05,LIB1xtt8,2026-03-27
767,Christine Thomas,2026-04-06,LIB93qgx,2026-04-02
768,Hannah Newman,2026-04-07,LIBKIrzq,2026-03-14
769,Andrew Espinoza,2026-04-08,LIBRw9wl,2026-03-19
770,Bobby Moore,2026-04-09,LIBS3iK6,2026-03-12
771,Christina Walsh,2026-04-10,LIBeBo4U,2026-03-30
772,Sarah Powers,2026-04-11,LIB6IGrT,2026-03-19
773,Tonya Swanson,2026-04-12,LIBnf4Yh,2026-03-22
774,Donna Moore,2026-04-13,LIBwTQY8,2026-03-27
775,William Evans,2026-04-14,LIBQQwdR,2026-03-18
776,Dana Hernandez,2026-04-15,LIB3QhbH,2026-04-09
777,Barbara Shaw,2026-04-16,LIBQ3UtO,2026-04-10
778,Christian Watkins,2026-04-17,LIBdmVqm,2026-03-20
779,Lawrence Hayden,2026-04-18,LIBVVbrZ,2026-04-15
780,Jason Powell,2026-04-19,LIB1u3fw,2026-04-05
781,Nathan James,2026-04-20,LIBOhVw1,2026-03-27
782,Nancy Farrell,2026-04-21,LIBfVmRH,2026-04-12
783,Michele Delacruz,2026-04-22,LIBjjKF0,2026-03-28
784,Kevin Whitehead,2026-04-23,LIBFAOiY,2026-03-27
785,Chris King,2026-04-24,LIByHUjX,2026-04-09
786,Melissa Norris,2026-04-25,LIBjsroC,2026-04-07
787,Rebecca Wilcox,2026-04-26,LIBYRmim,2026-04-13
788,James Washington,2026-04-27,LIBKLrBC,2026-04-23
789,Christopher Zuniga,2026-04-28,LIBYVqMj,2026-04-13
790,Sara Campbell,2026-04-29,LIBJigPo,2026-04-16
791,Michael Wilson,2026-04-30,LIBRHscJ,2026-04-24
792,Sara Cook,2026-05-01,LIBwLciT,2026-04-14
793,Taylor Knight,2026-05-02,LIBkDtxs,2026-04-22
794,Isabel Rivera,2026-05-03,LIBjX1Xf,2026-04-24
795,Kathryn Wolfe,2026-05-04,LIBYRmim,2026-04-24
796,Kelly Reyes,2026-05-05,LIBY9y21,2026-04-22
797,Sarah Whitehead,2026-05-06,LIBrlkKU,2026-04-24
798,Wanda Tapia,2026-05-07,LIBrgJyQ,2026-05-01
799,James Barton,2026-05-08,LIBhtpr6,2026-04-20
800,Richard Hale,2026-05-09,LIB36eLf,2026-05-01
801,Lauren Butler,2026-05-10,LIBJtXUS,2026-04-14
802,Sarah Henderson,2026-05-11,LIB1baS2,2026-04-28
803,David Murphy,2026-05-12,LIBwlQdw,2026-05-04
804,Maria Murray,2026-05-13,LIBwNtOc,2026-04-27
805,Scott Yoder,2026-05-14,LIB5Dgn8,2026-04-22
806,Bryan Kelly,2026-05-15,LIB4Ebbi,2026-04-23
807,Carlos Lee,2026-05-16,LIB9e42o,2026-04-26
808,Lindsay Mcpherson,2026-05-17,LIBDcC3L,2026-05-05
809,Gregory Gomez,2026-05-18,LIBWbj6b,2026-04-20
810,Karen Frey,2026-05-19,LIBy5QQp,2026-04-25
811,Karen Anderson,2026-05-20,LIBHGGXQ,2026-05-16
812,Austin Herrera,2026-05-21,LIBvjFK6,2026-05-17
813,Jennifer Wright,2026-05-22,LIBmE3vF,2026-05-20
814,Sarah Rios,2026-05-23,LIBFX8pH,2026-04-30
815,Holly Young,2026-05-24,LIBQQwdR,2026-05-18
816,Heather Howard,2026-05-25,LIBo568r,2026-05-05
817,Henry Williams,2026-05-26,LIBBcUrs,2026-05-02
818,Stacy Morris,2026-05-27,LIBg6eXy,2026-05-11
819,Gina Thomas,2026-05-28,LIBEx7UI,2026-05-09
820,Juan Fox,2026-05-29,LIB7mrC2,2026-05-06
821,Michael Smith MD,2026-05-30,LIBMiReV,2026-05-04
822,Matthew Ray,2026-05-31,LIBiem1j,2026-05-04
823,Shannon Lewis,2026-06-01,LIBI9dL0,2026-05-06
824,Jeffery Tucker,2026-06-02,LIBJigPo,2026-05-12
825,Richard Hawkins,2026-06-03,LIBN5kdq,2026-05-19
826,Amber Adams,2026-06-04,LIBHkoi7,2026-05-14
827,Jennifer Lawrence,2026-06-05,LIBNwo2M,2026-05-07
828,Brandi Jacobs,2026-06-06,LIBYVqMj,2026-05-09
829,Matthew Hines MD,2026-06-07,LIBQQwdR,2026-05-13
830,Dale Stone,2026-06-08,LIBLETkV,2026-05-27
831,Eric Jones,2026-06-09,LIBqL5jX,2026-05-20
832,Mackenzie Chan,2026-06-10,LIB4KAiI,2026-06-05
833,Melinda Pruitt,2026-06-11,LIBrRsz1,2026-05-26
834,Jay Wolfe,2026-06-12,LIBmO9mQ,2026-05-26
835,Justin Page,2026-06-13,LIBNwo2M,2026-06-11
836,Mariah Taylor,2026-06-14,LIBQQwdR,2026-05-27
837,Aaron Wood,2026-06-15,LIBpZq0z,2026-06-03
838,Heather Hinton,2026-06-16,LIBC1zXc,2026-05-19
839,Teresa Adams,2026-06-17,LIBnf7sb,2026-05-26
840,Joshua Lucero,2026-06-18,LIBBNQQj,2026-06-10
841,Donna Williams,2026-06-19,LIBCHvcB,2026-05-31
842,Christopher Nichols,2026-06-20,LIBqL5jX,2026-06-10
843,Morgan Reyes,2026-06-21,LIBQZIZL,2026-06-14
844,Brandy Wood,2026-06-22,LIBfdrIn,2026-05-28
845,Russell Moore,2026-06-23,LIBcZ8uH,2026-06-01
846,Emily Wilson,2026-06-24,LIBVGsqD,2026-06-17
847,Vanessa Peters,2026-06-25,LIBYHmf2,2026-06-01
848,Linda Chen,2026-06-26,LIBgCv8b,2026-06-17
849,Robert Jones,2026-06-27,LIBTxRrJ,2026-06-25
850,Michael Lewis,2026-06-28,LIBzeHFm,2026-05-31
851,Daniel Drake,2026-06-29,LIBbTb3L,2026-06-23
852,Jeanne Reed,2026-06-30,LIB56W8R,2026-06-05
853,Kevin Diaz,2026-07-01,LIBobgk0,2026-06-21
854,Heather Carroll,2026-07-02,LIBhu07H,2026-06-21
855,Alexander Reilly,2026-07-03,LIBWIUWp,2026-06-09
856,Robert Jones,2026-07-04,LIBfeXDo,2026-06-27
857,Kevin Murphy,2026-07-05,LIB2KTLO,2026-06-09
858,Jenny Ramirez,2026-07-06,LIB2kHPB,2026-06-18
859,Lindsay Olson,2026-07-07,LIBja3XE,2026-06-17
860,Susan Stephens,2026-07-08,LIBBcUrs,2026-07-04
861,Tracey Watkins,2026-07-09,LIBt2JLt,2026-06-23
862,Lisa Davis,2026-07-10,LIBd7Dbk,2026-07-08
863,Christopher Bryant,2026-07-11,LIBnf4Yh,2026-06-18
864,Jerry James,2026-07-12,LIBMEAG9,2026-07-08
865,Brian Osborne,2026-07-13,LIBiQqh0,2026-06-25
866,Amanda Shaw,2026-07-14,LIB95WCT,2026-07-07
867,Catherine Kaufman,2026-07-15,LIBIRLkN,2026-06-23
868,Casey Barker,2026-07-16,LIBtLBwn,2026-07-05
869,Tiffany White,2026-07-17,LIBSdU1u,2026-07-14
870,Russell Newman,2026-07-18,LIBMC2YS,2026-07-17
871,Angela Swanson,2026-07-19,LIBOhHmF,2026-06-29
872,Haley Hebert,2026-07-20,LIBYVqMj,2026-06-26
873,Gary Roberts,2026-07-21,LIBnf4Yh,2026-07-20
874,Ashley Green,2026-07-22,LIByCayd,2026-07-04
875,Brian Rivera,2026-07-23,LIBBB2YE,2026-07-12
876,Willie Kidd,2026-07-24,LIBla0qD,2026-06-30
877,Carlos Cooper,2026-07-25,LIBNgIRA,2026-06-30
878,Daniel Williams DDS,2026-07-26,LIBiQqh0,2026-07-19
879,Wendy Reese,2026-07-27,LIBtjcF7,2026-07-05
880,Mr. Alexander Archer,2026-07-28,LIBDr4DG,2026-07-04
881,Whitney Freeman,2026-07-29,LIBWwpEp,2026-07-23
882,Rachel Barber,2026-07-30,LIBcoHmC,2026-07-10
883,Joshua Martinez,2026-07-31,LIBSZvXj,2026-07-30
884,Ernest Rivera,2026-08-01,LIB5lD4P,2026-07-11
885,Mr. David Costa,2026-08-02,LIBWLd6F,2026-07-07
886,Jennifer Henry,2026-08-03,LIB3Dmk0,2026-07-24
887,Austin Moreno,2026-08-04,LIBu1YRc,2026-08-01
888,Anna Richards,2026-08-05,LIBtXgBd,2026-07-24
889,Rachel Weaver,2026-08-06,LIBSNVkO,2026-08-02
890,Autumn Stewart,2026-08-07,LIB61QkA,2026-07-15
891,Jodi Malone,2026-08-08,LIBZRxSq,2026-07-14
892,Wendy Sanchez,2026-08-09,LIBkDtxs,2026-07-21
893,Kelly Reyes,2026-08-10,LIBy4vEL,2026-07-28
894,Jessica Hill,2026-08-11,LIBajxlA,2026-07-28
895,Anne Burns,2026-08-12,LIBzPTcc,2026-08-01
896,John Travis,2026-08-13,LIBYmAuV,2026-08-03
897,Kristina Andersen,2026-08-14,LIB9IwMq,2026-07-20
898,Wesley Pham,2026-08-15,LIBwLciT,2026-08-08
899,Sean Sherman,2026-08-16,LIBScfr5,2026-08-03
900,Chad Carpenter,2026-08-17,LIBg6eXy,2026-07-27
901,Lori Ingram,2026-08-18,LIBeoCu4,2026-07-29
902,Christopher Hernandez,2026-08-19,LIBCqdzq,2026-07-31
903,Reginald Harris,2026-08-20,LIBWVHpQ,2026-07-25
904,Christina Pace,2026-08-21,LIBFX8pH,2026-08-10
905,Jesse Khan,2026-08-22,LIBtXgBd,2026-07-27
906,Matthew Wilson,2026-08-23,LIB9pnuA,2026-08-14
907,Scott Miller,2026-08-24,LIBshy1D,2026-08-03
908,Jamie Richardson,2026-08-25,LIBeoCu4,2026-07-31
909,Julie Velazquez,2026-08-26,LIBypVZM,2026-08-17
910,Erica Mejia,2026-08-27,LIBLao0K,2026-08-04
911,Eric Mcdonald,2026-08-28,LIBinlI8,2026-08-19
912,Breanna Lester,2026-08-29,LIBzKLSl,2026-08-26
913,Tiffany Werner,2026-08-30,LIBnv2L5,2026-08-06
914,Tristan Gonzalez,2026-08-31,LIB212Uu,2026-08-12
915,Joseph Johnson,2026-09-01,LIBjkelI,2026-08-23
916,Adam Diaz,2026-09-02,LIBC7pDn,2026-08-04
917,Brooke Hester,2026-09-03,LIBQK0gI,2026-08-24
918,Justin Fernandez,2026-09-04,LIBWCUqn,2026-09-03
919,Lindsay Kemp,2026-09-05,LIB0j9H6,2026-09-01
920,James Taylor,2026-09-06,LIBdI72F,2026-09-04
921,Billy Adams,2026-09-07,LIBAktuR,2026-09-02
922,Tanner Brooks,2026-09-08,LIBmXDQA,2026-08-20
923,Crystal Dixon,2026-09-09,LIB8qh2s,2026-09-07
924,Frank Williams,2026-09-10,LIBtcOtH,2026-09-04
925,Dr. Donna Green,2026-09-11,LIBhES2G,2026-08-13
926,Marcus Henry,2026-09-12,LIBW6Qh4,2026-09-04
927,Andrew Robinson,2026-09-13,LIBLkFyK,2026-08-22
928,Jason Martin,2026-09-14,LIBFX8pH,2026-08-19
929,John Yang,2026-09-15,LIBJeRNi,2026-08-17
930,Rachel Solis,2026-09-16,LIBLFKTs,2026-08-28
931,Selena Taylor,2026-09-17,LIBNDA7R,2026-08-31
932,John Collins,2026-09-18,LIBMrUnI,2026-09-06
933,Mr. David Hall,2026-09-19,LIBjsroC,2026-09-09
934,Dr. Zachary Griffin II,2026-09-20,LIBKwpJq,2026-09-09
935,Tracy Ayala,2026-09-21,LIBM45bF,2026-09-04
936,Gabriela Spencer,2026-09-22,LIBSf92f,2026-09-10
937,William Smith,2026-09-23,LIBs48Lc,2026-09-04
938,Peter Rodriguez,2026-09-24,LIBAe2dn,2026-08-31
939,Christopher Patel,2026-09-25,LIB1Vwxa,2026-09-20
940,Brian Matthews,2026-09-26,LIBir93R,2026-08-28
941,James Leon,2026-09-27,LIB860f6,2026-09-26
942,Cassandra Nixon,2026-09-28,LIBEdSxh,2026-09-12
943,Bobby Miller,2026-09-29,LIBuEjvM,2026-09-16
944,Amanda Brown,2026-09-30,LIBN91fe,2026-09-11
945,Rebecca Meyer,2026-10-01,LIBKLrBC,2026-09-28
946,Jasmine Hall,2026-10-02,LIBem2Ti,2026-09-17
947,Martha Holmes,2026-10-03,LIBZbtYA,2026-09-06
948,Tiffany Lopez DVM,2026-10-04,LIBlOB7C,2026-09-13
949,Tammy Reilly,2026-10-05,LIBj95pQ,2026-09-28
950,Laura Lindsey,2026-10-06,LIBGFvE6,2026-09-09
951,Patricia Zamora,2026-10-07,LIBYQwTO,2026-09-27
952,Jasmine Humphrey,2026-10-08,LIBVYLrF,2026-10-07
953,Adam Schmidt,2026-10-09,LIBswRA8,2026-09-16
954,Barbara Curtis,2026-10-10,LIBlOB7C,2026-09-15
955,Cheryl Harris,2026-10-11,LIBswRA8,2026-09-23
956,Courtney Flores,2026-10-12,LIBZkayk,2026-09-19
957,Chad Lindsey,2026-10-13,LIBS3iK6,2026-09-25
958,Alexis Weber,2026-10-14,LIBwlQdw,2026-09-21
959,Chase Mathis,2026-10-15,LIBYTtNV,2026-10-07
960,James Hudson,2026-10-16,LIBkRZyr,2026-10-06
961,Kylie Peters,2026-10-17,LIB5OpuU,2026-09-25
962,Jennifer James,2026-10-18,LIBmPGa4,2026-10-02
963,William Mcdaniel,2026-10-19,LIB4KAiI,2026-10-10
964,Holly Smith,2026-10-20,LIBlAvCa,2026-09-30
965,Michael Kim,2026-10-21,LIB370B6,2026-10-16
966,Julie Romero,2026-10-22,LIB8GOek,2026-10-14
967,Rebecca Johnson,2026-10-23,LIB1CJNd,2026-09-28
968,Amanda Liu,2026-10-24,LIBBZvqW,2026-10-04
969,Joseph Evans,2026-10-25,LIBMJwJf,2026-10-09
970,Jessica Mcdonald,2026-10-26,LIBFSmlV,2026-10-03
971,Charles Wilson,2026-10-27,LIBhu07H,2026-10-01
972,Daniel Shelton,2026-10-28,LIBX7BEt,2026-10-15
973,Anthony Velasquez,2026-10-29,LIBlDoTP,2026-10-26
974,Mr. James Cruz MD,2026-10-30,LIBGFvE6,2026-10-11
975,Bryan Oliver,2026-10-31,LIBT6MEB,2026-10-05
976,Rachel Ray,2026-11-01,LIBScfr5,2026-10-26
977,Nicholas Sheppard,2026-11-02,LIBADALU,2026-10-11
978,Katrina Wilcox,2026-11-03,LIBO7o0W,2026-10-11
979,Jill Brown,2026-11-04,LIBup4d7,2026-10-06
980,Tyler Poole,2026-11-05,LIBQQfBL,2026-10-13
981,Jennifer Kramer,2026-11-06,LIBeAvju,2026-10-10
982,Angela Long,2026-11-07,LIBjkelI,2026-10-10
983,Travis Horton,2026-11-08,LIBRAQ3F,2026-11-07
984,Willie Vaughn,2026-11-09,LIBrkxsu,2026-11-04
985,Calvin Snow MD,2026-11-10,LIBwoPTG,2026-10-28
986,Robert Woodard,2026-11-11,LIBdpnhP,2026-11-06
987,Jeremy Rose,2026-11-12,LIBZbtYA,2026-11-05
988,Dr. Jeffrey Schneider,2026-11-13,LIBCSlBw,2026-10-19
989,Jeffrey Cunningham,2026-11-14,LIBpkWqJ,2026-11-05
990,Julia Cooke,2026-11-15,LIBuFzD9,2026-11-01
991,Kathleen Singh,2026-11-16,LIBYh6Ok,2026-10-24
992,Douglas Smith,2026-11-17,LIB370B6,2026-11-09
993,Lisa Mccoy,2026-11-18,LIBOlgt7,2026-11-11
994,Charles Ortega,2026-11-19,LIBHkoi7,2026-11-04
995,Danielle Johnson,2026-11-20,LIBZ8G8j,2026-11-13
996,Alicia Aguilar,2026-11-21,LIB3aH8E,2026-11-07
997,Kaitlin Carr,2026-11-22,LIBmVwSm,2026-11-16
998,Pamela Scott,2026-11-23,LIBMXz84,2026-11-19
999,Leslie Blake,2026-11-24,LIBvEYU4,2026-10-27
1000,Lisa Woods,2026-11-25,LIB7oc3X,2026-11-16
1001,Sarah Miller MD,2026-11-26,LIBoh8Tq,2026-11-14
1002,Javier Merritt,2026-11-27,LIBEKJpQ,2026-11-24
1003,Scott Mcgrath,2026-11-28,LIBJtvc9,2026-11-19
1004,Patricia Johns,2026-11-29,LIBiem1j,2026-11-23
1005,Jon Williams,2026-11-30,LIBEhWuc,2026-11-20
1006,Jessica Soto MD,2026-12-01,LIBRhVvg,2026-11-14
1007,Benjamin Watkins,2026-12-02,LIBG4Ccg,2026-11-11
1008,Breanna Anderson,2026-12-03,LIBJtXUS,2026-11-17
1009,Thomas Cruz,2026-12-04,LIBjfOX8,2026-11-22
1010,Mary Silva,2026-12-05,LIB7tx4A,2026-11-25
1011,Timothy Randolph,2026-12-06,LIBVihAM,2026-11-28
1012,Donald Hardy,2026-12-07,LIByHUjX,2026-11-20
1013,Jodi Robertson,2026-12-08,LIB8p0lD,2026-12-07
1014,Rachel Simmons,2026-12-09,LIBGGi1y,2026-11-20
1015,Julie Perez,2026-12-10,LIByCayd,2026-12-05
1016,Samantha Thompson,2026-12-11,LIBeawmg,2026-11-24
1017,Aaron Walker,2026-12-12,LIBlAvCa,2026-12-11
1018,Daryl Powell,2026-12-13,LIBE7fDI,2026-11-30
1019,Tyler Campbell,2026-12-14,LIBEEBXd,2026-11-24
1020,Richard Lawrence,2026-12-15,LIBnN9Is,2026-11-21
1021,Deanna Sullivan,2026-12-16,LIBshy1D,2026-12-14
1022,Regina Herrera,2026-12-17,LIBGC5ja,2026-12-08
1023,Samantha Rodriguez,2026-12-18,LIBja3XE,2026-11-29
1024,Michael Patterson MD,2026-12-19,LIBfCPFv,2026-11-21
1025,Rodney Wolfe,2026-12-20,LIBtXL2S,2026-11-21
1026,Robert Chaney,2026-12-21,LIBHTxGO,2026-11-22
1027,Jessica Nelson,2026-12-22,LIBqL5jX,2026-12-02
1028,Alexis Peterson,2026-12-23,LIBvYPOi,2026-12-15
1029,Dylan Abbott,2026-12-24,LIBb2zfq,2026-11-28
1030,Joyce Davis,2026-12-25,LIB1bht4,2026-12-19
1031,Wendy Jordan,2026-12-26,LIBv9m1o,2026-11-27
1032,Michael Meyers,2026-12-27,LIBmPwn8,2026-11-28
1033,Barbara Parker,2026-12-28,LIBTC7WE,2026-12-14
1034,Cheryl Bell,2026-12-29,LIBoAXt5,2026-12-12
1035,Andrew Jackson,2026-12-30,LIBT6MEB,2026-12-20
1036,Terry Romero,2026-12-31,LIBVEHOJ,2026-12-10
1037,David Francis,2027-01-01,LIBO7o0W,2026-12-05
1038,Tanner Lewis,2027-01-02,LIBtDfyz,2026-12-16
1039,Kenneth Bullock,2027-01-03,LIBUZomK,2026-12-26
1040,Courtney Hunter,2027-01-04,LIBtIgKT,2026-12-16
1041,Aaron Rivas,2027-01-05,LIBu1YRc,2026-12-23
1042,Michelle Perez DDS,2027-01-06,LIB56W8R,2026-12-12
1043,Jennifer Wyatt,2027-01-07,LIBlDoTP,2026-12-18
1044,Jennifer Li,2027-01-08,LIBxu6R2,2026-12-17
1045,Sara Mcclain,2027-01-09,LIBDMBIS,2026-12-18
1046,Wendy King,2027-01-10,LIB6THZz,2026-12-30
1047,Ryan Rivas,2027-01-11,LIBfSCdP,2027-01-02
1048,Angela Mullins,2027-01-12,LIBobgk0,2026-12-30
1049,William Lewis,2027-01-13,LIBPCujK,2026-12-24
1050,Amy Campbell,2027-01-14,LIBBcUrs,2027-01-02
1051,Rebecca Flores,2027-01-15,LIB67ICT,2027-01-14
1052,Tiffany Young,2027-01-16,LIBixst2,2027-01-13
1053,Mark Phillips,2027-01-17,LIBupwhb,2027-01-13
1054,Dawn Hernandez,2027-01-18,LIBL0YKN,2026-12-22
1055,Steven Taylor,2027-01-19,LIBDtMFV,2026-12-24
1056,Donna Johnson,2027-01-20,LIBBZvqW,2027-01-14
1057,Tara Price,2027-01-21,LIBuFzD9,2027-01-17
1058,Karen Lindsey,2027-01-22,LIBzMKdS,2026-12-26
1059,Mr. Thomas Weeks,2027-01-23,LIBd3s1z,2027-01-19
1060,Maureen Moreno,2027-01-24,LIBDl7bT,2027-01-04
1061,Ana Nelson,2027-01-25,LIBVGnDJ,2027-01-10
1062,Cole Garza,2027-01-26,LIB13wu5,2027-01-24
1063,Jessica Hunter,2027-01-27,LIBeBo4U,2027-01-25
1064,Michael Stewart,2027-01-28,LIBVyhi2,2027-01-09
1065,Robert Green,2027-01-29,LIBuWY0H,2027-01-01
1066,Matthew Monroe,2027-01-30,LIBzVDoc,2027-01-18
1067,Karl Perez,2027-01-31,LIBja3XE,2027-01-23
1068,Pamela Hampton,2027-02-01,LIBUZomK,2027-01-03
1069,Adrian Evans,2027-02-02,LIBzLAUD,2027-01-17
1070,Denise Adams,2027-02-03,LIBmWyqL,2027-01-18
1071,Ashley Walters,2027-02-04,LIBPulBq,2027-01-14
1072,Michael Kaufman,2027-02-05,LIBGWHP5,2027-02-01
1073,Gregory Moran,2027-02-06,LIBBLENV,2027-01-26
1074,Michelle Boyle MD,2027-02-07,LIB2KTLO,2027-01-16
1075,John Miller,2027-02-08,LIBCqR93,2027-01-31
1076,Anita Perez DVM,2027-02-09,LIBftJUo,2027-01-15
1077,Jason Garrett,2027-02-10,LIBRw9wl,2027-01-22
1078,Ronald Blair,2027-02-11,LIBv9m1o,2027-01-27
1079,Benjamin Foster,2027-02-12,LIBRU06Z,2027-01-20
1080,Richard Randolph,2027-02-13,LIBcy8si,2027-01-24
1081,Erin Thomas,2027-02-14,LIBGoVH2,2027-02-05
1082,Michael Larson,2027-02-15,LIBNX9SA,2027-01-21
1083,Wendy Williams,2027-02-16,LIB4EbXC,2027-01-22
1084,Christina Cunningham,2027-02-17,LIBcG0Dm,2027-02-16
1085,Mark Gordon,2027-02-18,LIBsMgg9,2027-01-29
1086,Ashley Maldonado,2027-02-19,LIB0owtl,2027-02-06
1087,William Ferguson,2027-02-20,LIBPnjNZ,2027-01-23
1088,Matthew Mendez,2027-02-21,LIBKjOfI,2027-02-06
1089,Jerry Hayes,2027-02-22,LIBusaV6,2027-02-13
1090,Sean Baker,2027-02-23,LIB5YQSA,2027-02-16
1091,Tracy Dixon DVM,2027-02-24,LIBT1Xl6,2027-02-18
1092,Jeffrey Turner,2027-02-25,LIBQQfBL,2027-02-06
1093,Andrew Church,2027-02-26,LIBof3Yi,2027-01-30
1094,Stephen Shields,2027-02-27,LIBH6Haz,2027-02-04
1095,Charles Combs,2027-02-28,LIBmE3vF,2027-02-15
1096,Kimberly Flores,2027-03-01,LIBObEyL,2027-02-23
1097,Wendy Williams,2027-03-02,LIB1cEdy,2027-02-08
1098,Dana Huff,2027-03-03,LIBfVmRH,2027-02-12
1099,Anita Young,2027-03-04,LIBJigPo,2027-02-04
1100,Andre Davis,2027-03-05,LIBW2gbq,2027-02-18
1101,Amy Howard,2027-03-06,LIBmVYyC,2027-03-05
1102,Steven Weaver III,2027-03-07,LIBiZO4K,2027-03-04
1103,Eric Thomas,2027-03-08,LIBesIbu,2027-02-23
1104,Jeremy Lucas,2027-03-09,LIBUl8Ax,2027-02-17
1105,Rebecca Higgins,2027-03-10,LIBG9Sz0,2027-02-17
1106,Kevin James,2027-03-11,LIBGGi1y,2027-03-10
1107,Scott Smith,2027-03-12,LIBoJ0rk,2027-02-12
1108,Amber Jennings,2027-03-13,LIB74hn6,2027-03-11
1109,Christine Perry,2027-03-14,LIBCqdzq,2027-02-17
1110,Angela Rodriguez,2027-03-15,LIBZkayk,2027-02-27
1111,Deborah Wilson,2027-03-16,LIBzSyAB,2027-03-14
1112,Cheyenne Allison,2027-03-17,LIBDr4DG,2027-02-19
1113,Dwayne Hart,2027-03-18,LIBQ69cR,2027-02-26
1114,Charles Harmon,2027-03-19,LIBlOB7C,2027-03-02
1115,Alexander Gonzalez,2027-03-20,LIBPMBwx,2027-03-12
1116,Wendy Henson,2027-03-21,LIB2NxMj,2027-03-10
1117,Daniel Garcia,2027-03-22,LIBeh9Y4,2027-03-21
1118,Matthew Sweeney,2027-03-23,LIB4ePOP,2027-03-04
1119,Dan Stewart,2027-03-24,LIBMiReV,2027-03-09
1120,Sarah Walters,2027-03-25,LIB1ZFne,2027-03-15
1121,Barbara Rodriguez,2027-03-26,LIBu17dU,2027-03-01
1122,Derek Wolfe,2027-03-27,LIBICTjE,2027-03-17
1123,William Hartman,2027-03-28,LIB6Jq5t,2027-03-21
1124,Nicholas Leonard,2027-03-29,LIBxhPsP,2027-03-06
1125,James Garcia,2027-03-30,LIBnWgmg,2027-03-28
1126,Nancy Cox,2027-03-31,LIBCfZGI,2027-03-14
1127,Rita Wise,2027-04-01,LIBDr4DG,2027-03-14
1128,Eric Bautista,2027-04-02,LIBbjxDN,2027-03-21
1129,Taylor Nolan,2027-04-03,LIBC0MjO,2027-03-28
1130,Alex Santiago,2027-04-04,LIBwAVHf,2027-03-09
1131,Timothy Carlson,2027-04-05,LIBFJ2iO,2027-04-04
1132,Jennifer Moore,2027-04-06,LIBdNmeb,2027-03-11
1133,Jesus Benson,2027-04-07,LIB7Kpn5,2027-03-22
1134,Shane Rodriguez,2027-04-08,LIByWAgU,2027-03-27
1135,Cheryl Williams,2027-04-09,LIBgKi1D,2027-03-27
1136,Samantha Novak,2027-04-10,LIB0opyi,2027-04-07
1137,Deanna Green,2027-04-11,LIBbWSAq,2027-03-30
1138,Brendan Schmidt,2027-04-12,LIBI6PrM,2027-03-20
1139,Jennifer Powell,2027-04-13,LIBPKxq9,2027-03-17
1140,Kelly Mcconnell,2027-04-14,LIB4dnA4,2027-04-01
1141,Sean Barrett,2027-04-15,LIBbWSAq,2027-03-29
1142,Bradley Cox,2027-04-16,LIBKIrzq,2027-04-08
1143,Leonard Baker,2027-04-17,LIBLFGpU,2027-03-26
1144,Amanda Morales,2027-04-18,LIB6AMKQ,2027-04-08
1145,David Martin,2027-04-19,LIB6JOtf,2027-04-06
1146,Candace Frazier,2027-04-20,LIBPCujK,2027-03-24
1147,Ann Jackson,2027-04-21,LIBDrXgn,2027-04-01
1148,Gregory Jordan,2027-04-22,LIBcZ8uH,2027-03-30
1149,Michelle Rodriguez,2027-04-23,LIBGFvE6,2027-04-11
1150,Michaela Armstrong,2027-04-24,LIBpFxVS,2027-04-14
1151,Carol Zimmerman,2027-04-25,LIBK2GXB,2027-04-19
1152,Cody Hill,2027-04-26,LIBcy8si,2027-03-29
1153,John Ingram,2027-04-27,LIBqTOcp,2027-04-01
1154,Karen Jones,2027-04-28,LIBXtsG6,2027-04-24
1155,Lisa Brown,2027-04-29,LIBgx1P6,2027-04-09
1156,Timothy Ali,2027-04-30,LIBO4My0,2027-04-17
1157,Kimberly Herrera,2027-05-01,LIB5m5iT,2027-04-16
1158,Brandon Guzman,2027-05-02,LIBdHMye,2027-04-05
1159,Kelly Trevino,2027-05-03,LIBWj9oF,2027-04-30
1160,Debra Flores,2027-05-04,LIBK1nv5,2027-04-17
1161,Isabella Stewart,2027-05-05,LIBtXgBd,2027-04-12
1162,Christopher Rice,2027-05-06,LIBvROZv,2027-04-30
1163,April Morrison,2027-05-07,LIBCHvcB,2027-04-11
1164,Heather Garcia,2027-05-08,LIB8qv7n,2027-04-12
1165,Kristi Clayton,2027-05-09,LIBzSyAB,2027-04-10
1166,Robert Chambers,2027-05-10,LIBt2JLt,2027-04-12
1167,Joseph Martin,2027-05-11,LIBiTPNd,2027-04-19
1168,Mark Thomas,2027-05-12,LIBgCv8b,2027-04-15
1169,Timothy Nelson,2027-05-13,LIBRdmyp,2027-04-19
1170,James Nguyen,2027-05-14,LIB1JVBx,2027-05-12
1171,Deborah Morris,2027-05-15,LIBla0qD,2027-04-23
1172,Courtney Williams,2027-05-16,LIBRHscJ,2027-05-05
1173,Alexis Elliott,2027-05-17,LIBAFq1L,2027-05-13
1174,Natalie Hernandez,2027-05-18,LIB8QGsH,2027-04-27
1175,Meredith Brennan,2027-05-19,LIBG9Sz0,2027-05-12
1176,Marilyn Burgess,2027-05-20,LIBhu07H,2027-05-09
1177,Jacob Vincent,2027-05-21,LIBsl31x,2027-05-10
1178,Taylor Cortez,2027-05-22,LIBJtXUS,2027-04-25
1179,Joshua Flores,2027-05-23,LIBn4pgI,2027-05-11
1180,Audrey Parker,2027-05-24,LIB8er9n,2027-05-14
1181,Natalie Stephens,2027-05-25,LIBvYPOi,2027-05-13
1182,Natasha Lozano,2027-05-26,LIBWVHpQ,2027-05-16
1183,Molly Chen,2027-05-27,LIBn08Ok,2027-05-11
1184,Michael Rhodes,2027-05-28,LIBfiOIW,2027-05-13
1185,Donna Thompson,2027-05-29,LIBsQYfz,2027-05-22
1186,Donna Mcfarland,2027-05-30,LIBYF16R,2027-05-16
1187,Nicholas Greer,2027-05-31,LIBjmDOX,2027-05-18
1188,Susan Proctor,2027-06-01,LIBMQX7T,2027-05-30
1189,Joshua White,2027-06-02,LIBm055N,2027-05-05
1190,Kimberly Thompson,2027-06-03,LIBKBMZ5,2027-05-23
1191,Michael Baird,2027-06-04,LIBv7fJ3,2027-05-17
1192,Emily Chang,2027-06-05,LIBcZ8uH,2027-05-18
1193,Stephen Solomon,2027-06-06,LIBiTPNd,2027-06-05
1194,David Rogers,2027-06-07,LIB2lMCf,2027-06-04
1195,David Flynn,2027-06-08,LIBVTKfb,2027-05-21
1196,Donald Gallagher,2027-06-09,LIBKIrzq,2027-05-28
1197,Cynthia Perez,2027-06-10,LIBRhVvg,2027-05-20
1198,Kelly Stout,2027-06-11,LIBkQ01p,2027-06-04
1199,Craig Garcia,2027-06-12,LIBVQ4Gk,2027-06-01
1200,Annette Walker,2027-06-13,LIBUlyjc,2027-05-24
1201,Michael Salinas,2027-06-14,LIBfjEVx,2027-05-29
1202,Robert Schultz,2027-06-15,LIBVnMl9,2027-06-11
1203,Anthony Brown,2027-06-16,LIBcy8si,2027-06-12
1204,Jennifer Wilson,2027-06-17,LIBa6hRg,2027-05-28
1205,Margaret Williamson,2027-06-18,LIBobgk0,2027-05-31
1206,James Pham,2027-06-19,LIB4I8Kz,2027-06-18
1207,Angela Pugh,2027-06-20,LIBYQwTO,2027-05-23
1208,Travis Jones,2027-06-21,LIBQK9MQ,2027-06-05
1209,Amber Moore,2027-06-22,LIB9pnuA,2027-06-18
1210,Suzanne Taylor,2027-06-23,LIByWAgU,2027-06-04
1211,Laurie Crawford,2027-06-24,LIBu1YRc,2027-06-22
1212,Alice Velazquez,2027-06-25,LIByKVJw,2027-05-31
1213,Hailey Jones,2027-06-26,LIB6THZz,2027-06-02
1214,Ryan Garcia,2027-06-27,LIB67ICT,2027-06-23
1215,Kathryn Davies,2027-06-28,LIBQW7xQ,2027-06-06
1216,Nicholas Faulkner,2027-06-29,LIBxu6R2,2027-06-17
1217,Philip Miller,2027-06-30,LIBWCUqn,2027-06-08
1218,Louis Andrews,2027-07-01,LIBajxlA,2027-06-29
1219,Richard Moore,2027-07-02,LIBuJarA,2027-06-19
1220,Amy Tucker,2027-07-03,LIBKwpJq,2027-06-13
1221,Theresa Bishop,2027-07-04,LIBmE3vF,2027-06-20
1222,Danielle Bowen,2027-07-05,LIB05Z2a,2027-07-02
1223,Mark Keller,2027-07-06,LIBJigPo,2027-06-20
1224,Matthew Young,2027-07-07,LIBZr7wF,2027-06-15
1225,Dr. Jonathan Alvarez,2027-07-08,LIBB3Ggr,2027-06-23
1226,Connie Esparza,2027-07-09,LIBypVZM,2027-06-21
1227,Joseph Nelson,2027-07-10,LIBCqR93,2027-06-21
1228,Molly Marshall DVM,2027-07-11,LIB8Im4c,2027-06-17
1229,Ryan Morris,2027-07-12,LIBuFzD9,2027-06-23
1230,Ricardo Sims,2027-07-13,LIBHS74M,2027-07-11
1231,Renee Blake,2027-07-14,LIBeVFt8,2027-07-13
1232,Samuel Murray,2027-07-15,LIBfeXDo,2027-06-17
1233,Christina Fletcher,2027-07-16,LIBlDoTP,2027-07-09
1234,Phillip Jackson,2027-07-17,LIBQZIZL,2027-07-05
1235,Sara Williams,2027-07-18,LIBQ3UtO,2027-07-02
1236,Jacob Woods,2027-07-19,LIBMkiKV,2027-07-10
1237,Raymond Spears,2027-07-20,LIBZpWAF,2027-07-14
1238,David Mccoy,2027-07-21,LIBir93R,2027-07-19
1239,Peter Garner,2027-07-22,LIBrRsz1,2027-07-03
1240,Elizabeth Hamilton,2027-07-23,LIBmPGa4,2027-07-04
1241,Kevin Schmidt,2027-07-24,LIBGC5ja,2027-07-21
1242,Nicole Morgan,2027-07-25,LIBDlwo9,2027-07-20
1243,Timothy Ward,2027-07-26,LIBQQfBL,2027-07-09
1244,Joel Patterson,2027-07-27,LIBs48Lc,2027-07-02
1245,Ryan Morrison,2027-07-28,LIBfjEVx,2027-07-19
1246,Laura Perez,2027-07-29,LIBK2GXB,2027-07-07
1247,Margaret Coleman,2027-07-30,LIBG4Ccg,2027-07-24
1248,Heather Reyes,2027-07-31,LIBtDfyz,2027-07-17
1249,Sharon Ball,2027-08-01,LIBzHB1G,2027-07-31
1250,Bob Mitchell,2027-08-02,LIBA3kDe,2027-07-27
1251,Jamie Anderson,2027-08-03,LIB12Wto,2027-07-16
1252,Brittany Jones,2027-08-04,LIBK6B9a,2027-07-26
1253,Elizabeth Petty,2027-08-05,LIBkbhqX,2027-07-21
1254,Justin Dixon,2027-08-06,LIBKNdpt,2027-07-27
1255,Kristen Johnson,2027-08-07,LIBusaV6,2027-07-13
1256,Mr. Jason Moody,2027-08-08,LIBPnjNZ,2027-08-06
1257,Carrie Greene,2027-08-09,LIB4IVFQ,2027-07-28
1258,Christopher Hill,2027-08-10,LIBAlKpi,2027-07-31
1259,Isaac Sanchez,2027-08-11,LIBd7Dbk,2027-08-08
1260,Alyssa Johnson,2027-08-12,LIB92nsg,2027-07-24
1261,Aimee Humphrey,2027-08-13,LIBS3iK6,2027-07-26
1262,Jared Martin,2027-08-14,LIBJtvc9,2027-08-05
1263,Molly Allen,2027-08-15,LIBWQA2d,2027-07-19
1264,Richard Avery,2027-08-16,LIBRU06Z,2027-08-14
1265,Bonnie Huynh,2027-08-17,LIBOPdNl,2027-08-03
1266,Olivia Reese,2027-08-18,LIB12Wto,2027-08-05
1267,Brian Peterson,2027-08-19,LIBU9OZv,2027-08-03
1268,Amy Lowe,2027-08-20,LIBKTU8A,2027-08-14
1269,Brandon Le,2027-08-21,LIB95WCT,2027-07-28
1270,Tonya Henry,2027-08-22,LIBmxbHq,2027-08-17
1271,Hayley Brown,2027-08-23,LIBjOlqG,2027-08-04
1272,Joshua Ochoa,2027-08-24,LIB69Nuj,2027-08-19
1273,Mike Martin,2027-08-25,LIBSYE0a,2027-08-11
1274,Cynthia Wilson,2027-08-26,LIBHVhXJ,2027-08-04
1275,Douglas Ramirez,2027-08-27,LIB0vB1K,2027-08-14
1276,Amanda Cooper,2027-08-28,LIB8er9n,2027-08-08
1277,Lisa Gonzalez,2027-08-29,LIBNxWiL,2027-08-19
1278,Aaron Moore,2027-08-30,LIBL1FAD,2027-08-15
1279,Lisa Thompson,2027-08-31,LIBgx1P6,2027-08-27
1280,Jerome Bridges,2027-09-01,LIB2lMCf,2027-08-29
1281,Stacey Anderson,2027-09-02,LIBL0MiI,2027-08-13
1282,Cristian Flores,2027-09-03,LIBVihAM,2027-08-16
1283,Brandi Kim,2027-09-04,LIBY4Puq,2027-08-23
1284,Luis Ray,2027-09-05,LIBzQYsH,2027-08-27
1285,Victor Smith,2027-09-06,LIBH3BHm,2027-08-09
1286,Ryan Stanley,2027-09-07,LIByE64b,2027-09-03
1287,Kenneth Thomas,2027-09-08,LIBmJ4tu,2027-08-14
1288,Tammy Lee,2027-09-09,LIBup4d7,2027-09-07
1289,Jacqueline Wilson,2027-09-10,LIB0vB1K,2027-08-27
1290,Tyler Rivers,2027-09-11,LIB7q5gf,2027-08-18
1291,Doris Mendoza,2027-09-12,LIBU9OZv,2027-08-16
1292,Melanie Jimenez,2027-09-13,LIB13wu5,2027-09-10
1293,Steven Thomas,2027-09-14,LIBE4hjc,2027-09-04
1294,Alexis Griffith,2027-09-15,LIBaFMIV,2027-09-14
1295,Maurice Barnes,2027-09-16,LIB2QxRW,2027-09-09
1296,Dennis Turner,2027-09-17,LIBKIrzq,2027-08-29
1297,Abigail Bullock,2027-09-18,LIBcoHmC,2027-08-25
1298,Tammy Morris,2027-09-19,LIBQqzxo,2027-09-17
1299,Kathleen Vaughn,2027-09-20,LIBRXDA8,2027-08-28
1300,Richard Lane,2027-09-21,LIBzDNfG,2027-09-07
1301,Bryan Velasquez,2027-09-22,LIB212Uu,2027-09-03
1302,David Rubio,2027-09-23,LIB69Nuj,2027-09-15
1303,Shawn Sparks,2027-09-24,LIBQkhT2,2027-09-21
1304,Raymond Jones,2027-09-25,LIBkjrVb,2027-09-04
1305,Joseph Young,2027-09-26,LIBdJBpf,2027-09-17
1306,Charles Dunlap,2027-09-27,LIBM0DBe,2027-09-20
1307,William Owen,2027-09-28,LIBIzU1b,2027-09-01
1308,Dawn Lawrence,2027-09-29,LIByWAgU,2027-09-12
1309,Angela Allen,2027-09-30,LIBqTOcp,2027-09-24
1310,Angela Hammond,2027-10-01,LIBtoSml,2027-09-09
1311,Kim Hartman,2027-10-02,LIBgIOUt,2027-09-04
1312,Omar Williamson,2027-10-03,LIBDc2F9,2027-09-17
1313,Amber Sherman,2027-10-04,LIBkDtxs,2027-09-23
1314,Joyce Patton,2027-10-05,LIBzLDQA,2027-09-12
1315,Beth Collins,2027-10-06,LIBxr01y,2027-09-29
1316,Susan Adams,2027-10-07,LIBqXPEI,2027-09-20
1317,Kelly Garza,2027-10-08,LIBb9bC1,2027-09-14
1318,Christopher Walsh,2027-10-09,LIBCXEU5,2027-09-15
1319,Elizabeth Palmer,2027-10-10,LIBI9dL0,2027-09-13
1320,Natasha Holden,2027-10-11,LIBuEjvM,2027-09-13
1321,Danielle Buckley,2027-10-12,LIBtAmDt,2027-09-18
1322,Edgar Castro,2027-10-13,LIBi6hK2,2027-10-05
1323,Elizabeth Dawson,2027-10-14,LIBt0fcH,2027-10-09
1324,Noah Rose,2027-10-15,LIBeQTpg,2027-10-12
1325,Gregory Walters,2027-10-16,LIBbbBVc,2027-09-26
1326,Kevin Walker,2027-10-17,LIBn4pgI,2027-10-14
1327,Bianca Gay,2027-10-18,LIBTxRrJ,2027-10-08
1328,Jennifer Cannon,2027-10-19,LIBQkhT2,2027-09-30
1329,Stephanie Hill,2027-10-20,LIBFAOiY,2027-10-08
1330,Cameron Ray,2027-10-21,LIBQkhT2,2027-09-29
1331,Linda Sparks,2027-10-22,LIB0It85,2027-10-09
1332,Daniel Watts,2027-10-23,LIBSZvXj,2027-09-25
1333,Paul Kelly,2027-10-24,LIBa75Ds,2027-10-19
1334,Tasha Nelson,2027-10-25,LIBAnQvU,2027-09-28
1335,Alicia Hahn,2027-10-26,LIBKwpJq,2027-10-04
1336,James Sanders,2027-10-27,LIBVRmkX,2027-10-15
1337,Scott Weaver,2027-10-28,LIBmxbHq,2027-10-09
1338,Mandy Zamora,2027-10-29,LIB0j9H6,2027-10-15
1339,Edward Jacobs,2027-10-30,LIBEQwhK,2027-10-06
1340,Kim Scott,2027-10-31,LIB6vYbr,2027-10-06
1341,Raymond Jones,2027-11-01,LIB4r2Ns,2027-10-08
1342,Jeffery Spears,2027-11-02,LIBjpNsC,2027-10-11
1343,Brandi Weeks,2027-11-03,LIBOVWog,2027-11-02
1344,Warren Rogers,2027-11-04,LIBruzNF,2027-10-15
1345,Donald Brewer,2027-11-05,LIB5ozsf,2027-10-20
1346,Jason Lyons,2027-11-06,LIB9e42o,2027-10-19
1347,Zachary Morrison,2027-11-07,LIB7vPXD,2027-10-29
1348,Brandi Murphy,2027-11-08,LIB0owtl,2027-10-19
1349,Jennifer Williams,2027-11-09,LIBqL5jX,2027-10-27
1350,Jacob Wilson DDS,2027-11-10,LIBXry01,2027-10-25
1351,Heidi White,2027-11-11,LIBrfElf,2027-10-20
1352,Taylor Walker,2027-11-12,LIB1baS2,2027-10-17
1353,Amanda Howard,2027-11-13,LIBQqzxo,2027-11-11
1354,Michelle Herrera,2027-11-14,LIBLupL0,2027-10-26
1355,Sean Baker,2027-11-15,LIBMDZM8,2027-10-28
1356,Scott Jones MD,2027-11-16,LIBG4Ccg,2027-11-09
1357,Mark Stark,2027-11-17,LIBpCjpb,2027-11-08
1358,James West,2027-11-18,LIBRoVoN,2027-11-16
1359,Bradley Daniels,2027-11-19,LIBRcpuB,2027-10-22
1360,Stephen Lewis,2027-11-20,LIBswRA8,2027-10-24
1361,Joanne Vazquez,2027-11-21,LIBa75Ds,2027-10-30
1362,Victor Martin,2027-11-22,LIBxG8u3,2027-10-29
1363,Jose Lee,2027-11-23,LIBusaV6,2027-11-06
1364,Donna Kennedy,2027-11-24,LIBjpNsC,2027-11-15
1365,Kimberly Chan,2027-11-25,LIB5ozsf,2027-11-22
1366,Laura Davis,2027-11-26,LIBVZzrz,2027-11-03
1367,Catherine Wood,2027-11-27,LIB1V2jT,2027-11-22
1368,Kevin Williams,2027-11-28,LIBVTKfb,2027-11-23
1369,Kyle Gutierrez,2027-11-29,LIBEQwhK,2027-11-25
1370,Anthony Brewer,2027-11-30,LIB8qh2s,2027-11-12
1371,Victor Foster,2027-12-01,LIBVoSVP,2027-11-28
1372,Richard Williams,2027-12-02,LIBmE3vF,2027-11-27
1373,Micheal Pena,2027-12-03,LIBnFFRW,2027-11-08
1374,Tammy Martinez,2027-12-04,LIBBLENV,2027-11-27
1375,Albert Erickson,2027-12-05,LIB0owtl,2027-11-09
1376,Brian Thomas,2027-12-06,LIBmWyqL,2027-12-01
1377,Jonathan Moody,2027-12-07,LIBcy8si,2027-12-06
1378,Sarah Miller,2027-12-08,LIBoh8Tq,2027-11-15
1379,Lawrence Cooper,2027-12-09,LIBNEmdk,2027-12-08
1380,Daniel Brown,2027-12-10,LIBs42Vc,2027-11-20
1381,Angela Roth,2027-12-11,LIBd4NtL,2027-12-06
1382,Patricia Mejia,2027-12-12,LIBXaBUQ,2027-11-17
1383,James Rodriguez,2027-12-13,LIBU5j2Z,2027-11-14
1384,Andrew Savage,2027-12-14,LIB6N8ci,2027-12-03
1385,Martin Campbell,2027-12-15,LIBeUlWY,2027-11-19
1386,Stephen Rush,2027-12-16,LIBsMgg9,2027-12-01
1387,Kimberly Brown,2027-12-17,LIB6IGrT,2027-12-03
1388,Kathy Rogers,2027-12-18,LIBmPu9S,2027-11-25
1389,Tommy Leonard,2027-12-19,LIBHGGXQ,2027-12-16
1390,Manuel Jenkins,2027-12-20,LIB2KTLO,2027-12-16
1391,Lisa Hurst,2027-12-21,LIBVZzrz,2027-12-01
1392,Melanie Sawyer,2027-12-22,LIBCqdzq,2027-12-14
1393,Oscar Wiggins,2027-12-23,LIB1CVBk,2027-11-27
1394,Diane Douglas,2027-12-24,LIBc7nAq,2027-12-09
1395,Jeffrey Melton,2027-12-25,LIBtR6ls,2027-12-10
1396,Robert Ferguson,2027-12-26,LIBtIgKT,2027-12-03
1397,Gary Harmon,2027-12-27,LIB6AcAg,2027-12-04
1398,Stacey Malone,2027-12-28,LIBypVZM,2027-12-06
1399,Jack Ryan,2027-12-29,LIBXB550,2027-12-26
1400,Alison Miller,2027-12-30,LIB370B6,2027-12-26
1401,Brian Barker,2027-12-31,LIBG4Ccg,2027-12-29
1402,Jonathan Cruz,2028-01-01,LIB7XKy3,2027-12-23
1403,Susan David,2028-01-02,LIBT6MEB,2027-12-16
1404,Ricky Robinson,2028-01-03,LIBJigPo,2027-12-14
1405,Melissa Smith,2028-01-04,LIBqW8QI,2027-12-20
1406,Shaun Jackson,2028-01-05,LIBZkayk,2027-12-14
1407,Sarah Padilla,2028-01-06,LIBHS74M,2028-01-02
1408,Linda Jones DVM,2028-01-07,LIBfVpyq,2027-12-12
1409,Sabrina Wilson,2028-01-08,LIBFeXMv,2028-01-02
1410,Brandon Owens,2028-01-09,LIBlREaq,2027-12-22
1411,Crystal Manning,2028-01-10,LIBrbmGg,2027-12-25
1412,Edward Ford,2028-01-11,LIBvNUaw,2027-12-30
1413,Wanda Edwards,2028-01-12,LIB9KAoa,2027-12-27
1414,Yesenia Campos,2028-01-13,LIBQW7xQ,2027-12-20
1415,Isabel James,2028-01-14,LIBQK9MQ,2028-01-03
1416,Ashley Carson,2028-01-15,LIBWuR1J,2028-01-05
1417,Jennifer Roberts,2028-01-16,LIBcTbAA,2027-12-26
1418,Karl Townsend,2028-01-17,LIB3Dmk0,2028-01-10
1419,Tabitha Martinez,2028-01-18,LIB4dnA4,2028-01-17
1420,Kenneth Brown,2028-01-19,LIB9PnAf,2027-12-22
1421,Chase Griffith,2028-01-20,LIBDFXoI,2027-12-26
1422,David Farmer,2028-01-21,LIBwcLfR,2028-01-02
1423,Mary Lopez,2028-01-22,LIBjOlqG,2027-12-27
1424,Teresa Williams,2028-01-23,LIBKEEkW,2028-01-20
1425,Thomas Jordan,2028-01-24,LIBRAQ3F,2028-01-05
1426,Patrick Hoffman,2028-01-25,LIBpCjpb,2027-12-27
1427,David Lee,2028-01-26,LIBkWenm,2028-01-21
1428,Alyssa Koch,2028-01-27,LIBG6SSY,2027-12-30
1429,Casey Nicholson,2028-01-28,LIBEEBXd,2028-01-18
1430,Alexandra Hernandez,2028-01-29,LIBYmvYG,2028-01-16
1431,Lisa Pineda,2028-01-30,LIBmrFke,2028-01-27
1432,Robert Rivas,2028-01-31,LIBL5piv,2028-01-07
1433,Paul Harris,2028-02-01,LIB2rF1I,2028-01-28
1434,Douglas Jackson,2028-02-02,LIBshy1D,2028-01-04
1435,Andrew Nguyen,2028-02-03,LIBw6atf,2028-01-30
1436,Michael Ramirez,2028-02-04,LIBoIeXq,2028-01-14
1437,Julia Johnson,2028-02-05,LIBXbbcV,2028-01-27
1438,Victoria Stephens,2028-02-06,LIBV3ckq,2028-01-29
1439,Jennifer Taylor,2028-02-07,LIB0DFmD,2028-01-22
1440,Dan Tran,2028-02-08,LIB3NSZE,2028-01-21
1441,Melissa Edwards,2028-02-09,LIBrvi0Y,2028-02-07
1442,Derek Jimenez,2028-02-10,LIBwBmuA,2028-01-28
1443,Timothy Robinson,2028-02-11,LIBssvS8,2028-01-17
1444,Patricia Carpenter,2028-02-12,LIBBB2YE,2028-01-15
1445,Teresa King,2028-02-13,LIBA3gV3,2028-02-10
1446,Anthony Hartman,2028-02-14,LIBdmVqm,2028-01-31
1447,Alexander Butler,2028-02-15,LIBJ7WcP,2028-01-20
1448,Nichole Fowler,2028-02-16,LIB3cIxr,2028-02-15
1449,Tony Brock,2028-02-17,LIBnKB6v,2028-01-27
1450,Patricia Gill,2028-02-18,LIBM30qR,2028-02-12
1451,Aaron Tran,2028-02-19,LIBKJM1R,2028-02-17
1452,Brian Mejia,2028-02-20,LIBNWqbr,2028-02-12
1453,Dr. Abigail Mason,2028-02-21,LIB7ZTjb,2028-02-10
1454,Donna Moore,2028-02-22,LIBWbj6b,2028-02-04
1455,Natalie Harris,2028-02-23,LIBxUnet,2028-02-21
1456,Diana Richmond,2028-02-24,LIBWbj6b,2028-02-22
1457,Jamie Terry,2028-02-25,LIB92nsg,2028-02-09
1458,Beth Shepherd,2028-02-26,LIBoJ0rk,2028-02-18
1459,Nancy Williams,2028-02-27,LIBDtMFV,2028-02-08
1460,Roger Steele,2028-02-28,LIBB0TZW,2028-02-12
1461,Tamara Nelson,2028-02-29,LIBxzhag,2028-02-24
1462,Donna Adkins,2028-03-01,LIBHVmKr,2028-02-10
1463,Maria Mason,2028-03-02,LIBHTxGO,2028-02-19
1464,Jeffrey Davis,2028-03-03,LIB0cN5U,2028-02-07
1465,Annette Silva,2028-03-04,LIBUzh9g,2028-03-03
1466,Nicholas Lopez,2028-03-05,LIBEdSxh,2028-02-15
1467,Brandy Thornton,2028-03-06,LIBqotoN,2028-02-18
1468,Sean King,2028-03-07,LIBMXz84,2028-02-13
1469,Alexis Cook,2028-03-08,LIBoIeXq,2028-02-19
1470,Andrew Morris,2028-03-09,LIBT1Xl6,2028-03-05
1471,Wendy Jacobs,2028-03-10,LIBYSkwj,2028-02-17
1472,Paul Noble,2028-03-11,LIBR5onz,2028-02-11
1473,Cameron Ramirez,2028-03-12,LIBEKkOj,2028-02-19
1474,Brian Sullivan,2028-03-13,LIBTxRrJ,2028-02-29
1475,Michael Hughes Jr.,2028-03-14,LIB6vYbr,2028-02-22
1476,David Hall,2028-03-15,LIBRGDej,2028-02-17
1477,Connor Burke,2028-03-16,LIBd7Dbk,2028-03-07
1478,Gabriela Velasquez,2028-03-17,LIBeiqzj,2028-03-03
1479,Michelle Evans,2028-03-18,LIBLETkV,2028-03-06
1480,Erica Villegas,2028-03-19,LIB0It85,2028-02-19
1481,Megan Velasquez,2028-03-20,LIBupwhb,2028-03-13
1482,Timothy Perez,2028-03-21,LIBcoHmC,2028-02-22
1483,Tony Brown,2028-03-22,LIBKS04s,2028-03-04
1484,Megan Armstrong,2028-03-23,LIB92nsg,2028-03-08
1485,Mikayla Walters,2028-03-24,LIBzHB1G,2028-03-22
1486,Andrea Williams,2028-03-25,LIBwGgTk,2028-03-11
1487,Michael Zhang,2028-03-26,LIBiqDKw,2028-03-11
1488,Zachary Odonnell,2028-03-27,LIBScfr5,2028-03-21
1489,Paul Carrillo,2028-03-28,LIBr1ik8,2028-03-11
1490,Katrina Thomas,2028-03-29,LIB8BV7a,2028-03-07
1491,Joseph Campbell,2028-03-30,LIBB0c2k,2028-03-28
1492,Henry Graham,2028-03-31,LIB56W8R,2028-03-02
1493,Harry Rice,2028-04-01,LIB7sgus,2028-03-12
1494,Kayla Fisher,2028-04-02,LIBGxBXc,2028-03-10
1495,Colin Smith,2028-04-03,LIBVnMl9,2028-03-27
1496,Stanley Tapia,2028-04-04,LIBn08Ok,2028-03-18
1497,Wendy Vargas,2028-04-05,LIBpqsCf,2028-03-07
1498,Kevin Flowers,2028-04-06,LIBPQe76,2028-03-25
1499,Joyce Mitchell,2028-04-07,LIBQK0gI,2028-03-16
1500,Pamela Thornton,2028-04-08,LIBkgS45,2028-03-24
